Date,tickerYF,Close
2019-04-15,AZN,37.58
2019-04-16,AZN,37.1
2019-04-17,AZN,36.6
2019-04-18,AZN,36.63
2019-04-22,AZN,36.58
2019-04-23,AZN,36.53
2019-04-24,AZN,36.55
2019-04-25,AZN,36.87
2019-04-26,AZN,35.86
2019-04-29,AZN,36.04
2019-04-30,AZN,35.55
2019-05-01,AZN,35.26
2019-05-02,AZN,35.52
2019-05-03,AZN,36.26
2019-05-06,AZN,36.2
2019-05-07,AZN,35.85
2019-05-08,AZN,36.16
2019-05-09,AZN,36.32
2019-05-10,AZN,35.54
2019-05-13,AZN,35.19
2019-05-14,AZN,35.7
2019-05-15,AZN,35.57
2019-05-16,AZN,35.69
2019-05-17,AZN,35.67
2019-05-20,AZN,35.44
2019-05-21,AZN,35.76
2019-05-22,AZN,36.45
2019-05-23,AZN,36.5
2019-05-24,AZN,36.84
2019-05-28,AZN,35.88
2019-05-29,AZN,35.43
2019-05-30,AZN,35.41
2019-05-31,AZN,35.29
2019-06-03,AZN,35.78
2019-06-04,AZN,36.43
2019-06-05,AZN,36.21
2019-06-06,AZN,36.66
2019-06-07,AZN,36.84
2019-06-10,AZN,37.37
2019-06-11,AZN,37.19
2019-06-12,AZN,37.7
2019-06-13,AZN,37.68
2019-06-14,AZN,37.45
2019-06-17,AZN,37.74
2019-06-18,AZN,38.66
2019-06-19,AZN,39.35
2019-06-20,AZN,39.28
2019-06-21,AZN,39.05
2019-06-24,AZN,39.17
2019-06-25,AZN,39.08
2019-06-26,AZN,38.68
2019-06-27,AZN,38.7
2019-06-28,AZN,38.97
2019-07-01,AZN,39.0
2019-07-02,AZN,39.38
2019-07-03,AZN,39.64
2019-07-05,AZN,38.65
2019-07-08,AZN,38.55
2019-07-09,AZN,38.46
2019-07-10,AZN,38.83
2019-07-11,AZN,38.19
2019-07-12,AZN,37.96
2019-07-15,AZN,37.97
2019-07-16,AZN,37.95
2019-07-17,AZN,38.08
2019-07-18,AZN,38.45
2019-07-19,AZN,37.88
2019-07-22,AZN,38.07
2019-07-23,AZN,38.31
2019-07-24,AZN,38.09
2019-07-25,AZN,40.27
2019-07-26,AZN,41.08
2019-07-29,AZN,41.91
2019-07-30,AZN,41.41
2019-07-31,AZN,40.98
2019-08-01,AZN,41.54
2019-08-02,AZN,41.8
2019-08-05,AZN,41.12
2019-08-06,AZN,41.18
2019-08-07,AZN,41.46
2019-08-08,AZN,42.1
2019-08-09,AZN,42.7
2019-08-12,AZN,42.31
2019-08-13,AZN,42.79
2019-08-14,AZN,41.79
2019-08-15,AZN,42.14
2019-08-16,AZN,42.29
2019-08-19,AZN,42.37
2019-08-20,AZN,42.56
2019-08-21,AZN,43.32
2019-08-22,AZN,43.31
2019-08-23,AZN,42.52
2019-08-26,AZN,42.76
2019-08-27,AZN,42.81
2019-08-28,AZN,42.73
2019-08-29,AZN,43.32
2019-08-30,AZN,42.95
2019-09-03,AZN,43.18
2019-09-04,AZN,43.25
2019-09-05,AZN,42.69
2019-09-06,AZN,42.67
2019-09-09,AZN,41.78
2019-09-10,AZN,41.27
2019-09-11,AZN,41.11
2019-09-12,AZN,40.92
2019-09-13,AZN,40.79
2019-09-16,AZN,40.55
2019-09-17,AZN,41.14
2019-09-18,AZN,41.56
2019-09-19,AZN,42.55
2019-09-20,AZN,43.09
2019-09-23,AZN,42.51
2019-09-24,AZN,43.08
2019-09-25,AZN,43.25
2019-09-26,AZN,43.37
2019-09-27,AZN,43.19
2019-09-30,AZN,42.51
2019-10-01,AZN,41.64
2019-10-02,AZN,40.5
2019-10-03,AZN,41.18
2019-10-04,AZN,41.31
2019-10-07,AZN,41.43
2019-10-08,AZN,41.05
2019-10-09,AZN,41.4
2019-10-10,AZN,41.59
2019-10-11,AZN,41.57
2019-10-14,AZN,41.82
2019-10-15,AZN,42.17
2019-10-16,AZN,41.77
2019-10-17,AZN,42.09
2019-10-18,AZN,41.84
2019-10-21,AZN,41.7
2019-10-22,AZN,41.89
2019-10-23,AZN,42.63
2019-10-24,AZN,45.07
2019-10-25,AZN,45.47
2019-10-28,AZN,45.54
2019-10-29,AZN,45.39
2019-10-30,AZN,46.76
2019-10-31,AZN,46.77
2019-11-01,AZN,46.16
2019-11-04,AZN,45.89
2019-11-05,AZN,45.02
2019-11-06,AZN,45.15
2019-11-07,AZN,44.64
2019-11-08,AZN,45.08
2019-11-11,AZN,44.72
2019-11-12,AZN,44.91
2019-11-13,AZN,45.61
2019-11-14,AZN,45.18
2019-11-15,AZN,45.25
2019-11-18,AZN,45.73
2019-11-19,AZN,45.47
2019-11-20,AZN,44.84
2019-11-21,AZN,45.41
2019-11-22,AZN,45.75
2019-11-25,AZN,46.52
2019-11-26,AZN,46.51
2019-11-27,AZN,46.52
2019-11-29,AZN,46.24
2019-12-02,AZN,46.15
2019-12-03,AZN,45.68
2019-12-04,AZN,45.97
2019-12-05,AZN,45.42
2019-12-06,AZN,45.48
2019-12-09,AZN,45.56
2019-12-10,AZN,45.76
2019-12-11,AZN,45.96
2019-12-12,AZN,45.71
2019-12-13,AZN,46.13
2019-12-16,AZN,47.03
2019-12-17,AZN,46.71
2019-12-18,AZN,46.97
2019-12-19,AZN,47.66
2019-12-20,AZN,48.13
2019-12-23,AZN,47.59
2019-12-24,AZN,47.57
2019-12-26,AZN,47.55
2019-12-27,AZN,48.11
2019-12-30,AZN,47.7
2019-12-31,AZN,47.56
2020-01-02,AZN,48.06
2020-01-03,AZN,47.78
2020-01-06,AZN,47.58
2020-01-07,AZN,47.76
2020-01-08,AZN,47.64
2020-01-09,AZN,47.77
2020-01-10,AZN,47.55
2020-01-13,AZN,47.38
2020-01-14,AZN,47.86
2020-01-15,AZN,48.45
2020-01-16,AZN,48.18
2020-01-17,AZN,48.96
2020-01-21,AZN,48.45
2020-01-22,AZN,48.12
2020-01-23,AZN,47.88
2020-01-24,AZN,47.0
2020-01-27,AZN,46.64
2020-01-28,AZN,47.31
2020-01-29,AZN,47.37
2020-01-30,AZN,46.82
2020-01-31,AZN,46.45
2020-02-03,AZN,46.27
2020-02-04,AZN,46.51
2020-02-05,AZN,47.43
2020-02-06,AZN,47.72
2020-02-07,AZN,47.12
2020-02-10,AZN,47.61
2020-02-11,AZN,47.48
2020-02-12,AZN,47.29
2020-02-13,AZN,47.05
2020-02-14,AZN,45.64
2020-02-18,AZN,46.84
2020-02-19,AZN,47.03
2020-02-20,AZN,46.68
2020-02-21,AZN,47.85
2020-02-24,AZN,45.39
2020-02-25,AZN,44.91
2020-02-26,AZN,45.37
2020-02-27,AZN,43.86
2020-02-28,AZN,42.63
2020-03-02,AZN,44.64
2020-03-03,AZN,44.3
2020-03-04,AZN,47.3
2020-03-05,AZN,47.09
2020-03-06,AZN,46.25
2020-03-09,AZN,44.02
2020-03-10,AZN,45.65
2020-03-11,AZN,43.39
2020-03-12,AZN,39.67
2020-03-13,AZN,41.15
2020-03-16,AZN,36.78
2020-03-17,AZN,39.84
2020-03-18,AZN,38.31
2020-03-19,AZN,39.06
2020-03-20,AZN,38.37
2020-03-23,AZN,37.74
2020-03-24,AZN,39.8
2020-03-25,AZN,39.3
2020-03-26,AZN,41.23
2020-03-27,AZN,41.33
2020-03-30,AZN,43.34
2020-03-31,AZN,43.47
2020-04-01,AZN,42.61
2020-04-02,AZN,42.59
2020-04-03,AZN,42.78
2020-04-06,AZN,43.13
2020-04-07,AZN,41.95
2020-04-08,AZN,42.68
2020-04-09,AZN,43.47
2020-04-13,AZN,46.09
2020-04-14,AZN,47.38
2020-04-15,AZN,46.75
2020-04-16,AZN,47.82
2020-04-17,AZN,48.69
2020-04-20,AZN,49.09
2020-04-21,AZN,48.73
2020-04-22,AZN,49.01
2020-04-23,AZN,49.04
2020-04-24,AZN,49.81
2020-04-27,AZN,50.1
2020-04-28,AZN,49.61
2020-04-29,AZN,49.36
2020-04-30,AZN,50.88
2020-05-01,AZN,50.47
2020-05-04,AZN,50.95
2020-05-05,AZN,52.04
2020-05-06,AZN,52.59
2020-05-07,AZN,51.33
2020-05-08,AZN,51.86
2020-05-11,AZN,52.51
2020-05-12,AZN,52.66
2020-05-13,AZN,53.83
2020-05-14,AZN,52.07
2020-05-15,AZN,51.98
2020-05-18,AZN,52.02
2020-05-19,AZN,52.14
2020-05-20,AZN,52.34
2020-05-21,AZN,53.8
2020-05-22,AZN,53.74
2020-05-26,AZN,51.69
2020-05-27,AZN,51.07
2020-05-28,AZN,52.07
2020-05-29,AZN,53.14
2020-06-01,AZN,53.68
2020-06-02,AZN,53.26
2020-06-03,AZN,53.53
2020-06-04,AZN,52.43
2020-06-05,AZN,52.41
2020-06-08,AZN,51.17
2020-06-09,AZN,51.32
2020-06-10,AZN,52.21
2020-06-11,AZN,50.19
2020-06-12,AZN,50.09
2020-06-15,AZN,51.23
2020-06-16,AZN,52.15
2020-06-17,AZN,52.46
2020-06-18,AZN,51.25
2020-06-19,AZN,51.6
2020-06-22,AZN,51.99
2020-06-23,AZN,52.8
2020-06-24,AZN,50.74
2020-06-25,AZN,51.59
2020-06-26,AZN,51.29
2020-06-29,AZN,51.5
2020-06-30,AZN,51.48
2020-07-01,AZN,51.89
2020-07-02,AZN,52.36
2020-07-06,AZN,52.65
2020-07-07,AZN,52.04
2020-07-08,AZN,52.74
2020-07-09,AZN,52.53
2020-07-10,AZN,52.32
2020-07-13,AZN,51.82
2020-07-14,AZN,52.54
2020-07-15,AZN,56.45
2020-07-16,AZN,55.89
2020-07-17,AZN,59.47
2020-07-20,AZN,57.11
2020-07-21,AZN,56.52
2020-07-22,AZN,55.46
2020-07-23,AZN,53.69
2020-07-24,AZN,54.31
2020-07-27,AZN,55.07
2020-07-28,AZN,54.81
2020-07-29,AZN,55.13
2020-07-30,AZN,56.34
2020-07-31,AZN,54.29
2020-08-03,AZN,55.3
2020-08-04,AZN,54.58
2020-08-05,AZN,54.45
2020-08-06,AZN,54.71
2020-08-07,AZN,53.93
2020-08-10,AZN,53.9
2020-08-11,AZN,53.7
2020-08-12,AZN,55.22
2020-08-13,AZN,54.74
2020-08-14,AZN,54.14
2020-08-17,AZN,55.39
2020-08-18,AZN,55.26
2020-08-19,AZN,55.16
2020-08-20,AZN,55.42
2020-08-21,AZN,54.65
2020-08-24,AZN,55.68
2020-08-25,AZN,55.93
2020-08-26,AZN,55.92
2020-08-27,AZN,55.05
2020-08-28,AZN,54.63
2020-08-31,AZN,54.94
2020-09-01,AZN,54.33
2020-09-02,AZN,54.84
2020-09-03,AZN,53.13
2020-09-04,AZN,52.56
2020-09-08,AZN,53.67
2020-09-09,AZN,52.62
2020-09-10,AZN,52.06
2020-09-11,AZN,52.71
2020-09-14,AZN,53.0
2020-09-15,AZN,54.23
2020-09-16,AZN,54.08
2020-09-17,AZN,54.88
2020-09-18,AZN,55.38
2020-09-21,AZN,54.85
2020-09-22,AZN,54.39
2020-09-23,AZN,54.6
2020-09-24,AZN,53.14
2020-09-25,AZN,54.46
2020-09-28,AZN,53.71
2020-09-29,AZN,54.06
2020-09-30,AZN,53.76
2020-10-01,AZN,53.27
2020-10-02,AZN,53.19
2020-10-05,AZN,53.46
2020-10-06,AZN,52.69
2020-10-07,AZN,52.51
2020-10-08,AZN,53.06
2020-10-09,AZN,53.68
2020-10-12,AZN,54.22
2020-10-13,AZN,53.45
2020-10-14,AZN,52.18
2020-10-15,AZN,51.55
2020-10-16,AZN,52.02
2020-10-19,AZN,51.45
2020-10-20,AZN,51.2
2020-10-21,AZN,50.59
2020-10-22,AZN,50.97
2020-10-23,AZN,51.01
2020-10-26,AZN,52.06
2020-10-27,AZN,51.48
2020-10-28,AZN,50.01
2020-10-29,AZN,50.1
2020-10-30,AZN,49.21
2020-11-02,AZN,49.66
2020-11-03,AZN,50.72
2020-11-04,AZN,54.0
2020-11-05,AZN,54.11
2020-11-06,AZN,54.47
2020-11-09,AZN,53.03
2020-11-10,AZN,55.5
2020-11-11,AZN,56.92
2020-11-12,AZN,55.76
2020-11-13,AZN,56.29
2020-11-16,AZN,55.22
2020-11-17,AZN,53.92
2020-11-18,AZN,52.97
2020-11-19,AZN,53.01
2020-11-20,AZN,54.25
2020-11-23,AZN,53.66
2020-11-24,AZN,52.55
2020-11-25,AZN,51.6
2020-11-27,AZN,51.61
2020-11-30,AZN,51.94
2020-12-01,AZN,51.98
2020-12-02,AZN,52.38
2020-12-03,AZN,51.78
2020-12-04,AZN,52.72
2020-12-07,AZN,53.23
2020-12-08,AZN,53.68
2020-12-09,AZN,53.02
2020-12-10,AZN,52.87
2020-12-11,AZN,53.24
2020-12-14,AZN,49.08
2020-12-15,AZN,49.87
2020-12-16,AZN,49.96
2020-12-17,AZN,49.83
2020-12-18,AZN,49.26
2020-12-21,AZN,48.74
2020-12-22,AZN,47.81
2020-12-23,AZN,47.85
2020-12-24,AZN,47.6
2020-12-28,AZN,48.44
2020-12-29,AZN,48.95
2020-12-30,AZN,49.23
2020-12-31,AZN,49.04
2021-01-04,AZN,49.56
2021-01-05,AZN,49.74
2021-01-06,AZN,49.94
2021-01-07,AZN,49.24
2021-01-08,AZN,49.9
2021-01-11,AZN,49.6
2021-01-12,AZN,49.34
2021-01-13,AZN,49.92
2021-01-14,AZN,50.32
2021-01-15,AZN,50.37
2021-01-19,AZN,51.57
2021-01-20,AZN,51.25
2021-01-21,AZN,51.55
2021-01-22,AZN,52.24
2021-01-25,AZN,52.99
2021-01-26,AZN,53.41
2021-01-27,AZN,51.11
2021-01-28,AZN,51.05
2021-01-29,AZN,49.64
2021-02-01,AZN,49.44
2021-02-02,AZN,49.11
2021-02-03,AZN,49.05
2021-02-04,AZN,49.41
2021-02-05,AZN,48.79
2021-02-08,AZN,49.11
2021-02-09,AZN,49.45
2021-02-10,AZN,49.02
2021-02-11,AZN,49.14
2021-02-12,AZN,50.71
2021-02-16,AZN,49.93
2021-02-17,AZN,50.47
2021-02-18,AZN,50.52
2021-02-19,AZN,49.63
2021-02-22,AZN,49.61
2021-02-23,AZN,48.37
2021-02-24,AZN,49.15
2021-02-25,AZN,48.91
2021-02-26,AZN,48.38
2021-03-01,AZN,48.09
2021-03-02,AZN,47.73
2021-03-03,AZN,47.16
2021-03-04,AZN,47.23
2021-03-05,AZN,48.06
2021-03-08,AZN,48.19
2021-03-09,AZN,49.27
2021-03-10,AZN,49.81
2021-03-11,AZN,48.67
2021-03-12,AZN,48.42
2021-03-15,AZN,48.77
2021-03-16,AZN,50.05
2021-03-17,AZN,50.07
2021-03-18,AZN,49.33
2021-03-19,AZN,49.21
2021-03-22,AZN,51.2
2021-03-23,AZN,49.4
2021-03-24,AZN,48.79
2021-03-25,AZN,49.7
2021-03-26,AZN,50.64
2021-03-29,AZN,50.81
2021-03-30,AZN,49.97
2021-03-31,AZN,49.72
2021-04-01,AZN,49.53
2021-04-05,AZN,49.53
2021-04-06,AZN,49.22
2021-04-07,AZN,48.42
2021-04-08,AZN,49.5
2021-04-09,AZN,49.94
2021-04-12,AZN,49.42
2021-04-13,AZN,48.99
2019-04-15,PFE,36.91
2019-04-16,PFE,35.89
2019-04-17,PFE,34.98
2019-04-18,PFE,34.54
2019-04-22,PFE,34.19
2019-04-23,PFE,34.57
2019-04-24,PFE,34.53
2019-04-25,PFE,34.74
2019-04-26,PFE,35.06
2019-04-29,PFE,34.72
2019-04-30,PFE,35.62
2019-05-01,PFE,35.76
2019-05-02,PFE,35.97
2019-05-03,PFE,36.3
2019-05-06,PFE,36.53
2019-05-07,PFE,35.81
2019-05-08,PFE,35.91
2019-05-09,PFE,35.96
2019-05-10,PFE,36.03
2019-05-13,PFE,35.9
2019-05-14,PFE,35.98
2019-05-15,PFE,36.41
2019-05-16,PFE,36.84
2019-05-17,PFE,36.69
2019-05-20,PFE,36.8
2019-05-21,PFE,36.87
2019-05-22,PFE,37.15
2019-05-23,PFE,37.09
2019-05-24,PFE,37.12
2019-05-28,PFE,37.07
2019-05-29,PFE,36.91
2019-05-30,PFE,37.07
2019-05-31,PFE,36.74
2019-06-03,PFE,37.09
2019-06-04,PFE,37.37
2019-06-05,PFE,37.59
2019-06-06,PFE,37.79
2019-06-07,PFE,37.98
2019-06-10,PFE,38.11
2019-06-11,PFE,37.75
2019-06-12,PFE,38.12
2019-06-13,PFE,37.6
2019-06-14,PFE,37.83
2019-06-17,PFE,37.94
2019-06-18,PFE,38.11
2019-06-19,PFE,38.49
2019-06-20,PFE,38.58
2019-06-21,PFE,38.64
2019-06-24,PFE,38.72
2019-06-25,PFE,38.72
2019-06-26,PFE,38.04
2019-06-27,PFE,38.43
2019-06-28,PFE,38.33
2019-07-01,PFE,38.73
2019-07-02,PFE,39.13
2019-07-03,PFE,39.29
2019-07-05,PFE,38.86
2019-07-08,PFE,38.31
2019-07-09,PFE,38.37
2019-07-10,PFE,38.98
2019-07-11,PFE,38.03
2019-07-12,PFE,37.52
2019-07-15,PFE,37.83
2019-07-16,PFE,37.91
2019-07-17,PFE,37.82
2019-07-18,PFE,38.1
2019-07-19,PFE,37.84
2019-07-22,PFE,37.89
2019-07-23,PFE,38.13
2019-07-24,PFE,37.95
2019-07-25,PFE,37.75
2019-07-26,PFE,38.13
2019-07-29,PFE,36.68
2019-07-30,PFE,34.32
2019-07-31,PFE,34.37
2019-08-01,PFE,34.16
2019-08-02,PFE,33.94
2019-08-05,PFE,33.01
2019-08-06,PFE,33.0
2019-08-07,PFE,32.67
2019-08-08,PFE,32.93
2019-08-09,PFE,32.46
2019-08-12,PFE,31.61
2019-08-13,PFE,31.44
2019-08-14,PFE,30.58
2019-08-15,PFE,30.79
2019-08-16,PFE,30.95
2019-08-19,PFE,31.42
2019-08-20,PFE,30.91
2019-08-21,PFE,31.14
2019-08-22,PFE,31.33
2019-08-23,PFE,30.67
2019-08-26,PFE,31.12
2019-08-27,PFE,30.67
2019-08-28,PFE,31.33
2019-08-29,PFE,31.55
2019-08-30,PFE,31.75
2019-09-03,PFE,32.26
2019-09-04,PFE,32.0
2019-09-05,PFE,32.45
2019-09-06,PFE,32.6
2019-09-09,PFE,32.89
2019-09-10,PFE,33.38
2019-09-11,PFE,33.41
2019-09-12,PFE,33.29
2019-09-13,PFE,32.96
2019-09-16,PFE,32.89
2019-09-17,PFE,32.6
2019-09-18,PFE,32.49
2019-09-19,PFE,32.61
2019-09-20,PFE,32.77
2019-09-23,PFE,32.37
2019-09-24,PFE,32.16
2019-09-25,PFE,32.06
2019-09-26,PFE,31.95
2019-09-27,PFE,32.35
2019-09-30,PFE,32.09
2019-10-01,PFE,31.64
2019-10-02,PFE,30.99
2019-10-03,PFE,31.66
2019-10-04,PFE,32.09
2019-10-07,PFE,32.0
2019-10-08,PFE,31.64
2019-10-09,PFE,31.87
2019-10-10,PFE,31.96
2019-10-11,PFE,32.25
2019-10-14,PFE,32.42
2019-10-15,PFE,32.6
2019-10-16,PFE,32.45
2019-10-17,PFE,32.56
2019-10-18,PFE,32.56
2019-10-21,PFE,32.56
2019-10-22,PFE,32.54
2019-10-23,PFE,32.84
2019-10-24,PFE,32.5
2019-10-25,PFE,32.84
2019-10-28,PFE,33.29
2019-10-29,PFE,34.12
2019-10-30,PFE,34.37
2019-10-31,PFE,34.27
2019-11-01,PFE,34.29
2019-11-04,PFE,33.96
2019-11-05,PFE,33.47
2019-11-06,PFE,33.59
2019-11-07,PFE,33.28
2019-11-08,PFE,33.41
2019-11-11,PFE,33.3
2019-11-12,PFE,33.34
2019-11-13,PFE,33.0
2019-11-14,PFE,32.96
2019-11-15,PFE,33.62
2019-11-18,PFE,33.56
2019-11-19,PFE,33.96
2019-11-20,PFE,33.41
2019-11-21,PFE,34.03
2019-11-22,PFE,34.56
2019-11-25,PFE,34.88
2019-11-26,PFE,34.53
2019-11-27,PFE,34.83
2019-11-29,PFE,34.73
2019-12-02,PFE,34.53
2019-12-03,PFE,34.31
2019-12-04,PFE,34.39
2019-12-05,PFE,34.29
2019-12-06,PFE,34.53
2019-12-09,PFE,34.55
2019-12-10,PFE,34.7
2019-12-11,PFE,34.46
2019-12-12,PFE,34.75
2019-12-13,PFE,34.56
2019-12-16,PFE,35.29
2019-12-17,PFE,35.08
2019-12-18,PFE,35.07
2019-12-19,PFE,35.14
2019-12-20,PFE,35.37
2019-12-23,PFE,35.46
2019-12-24,PFE,35.43
2019-12-26,PFE,35.51
2019-12-27,PFE,35.46
2019-12-30,PFE,35.09
2019-12-31,PFE,35.33
2020-01-02,PFE,35.29
2020-01-03,PFE,35.1
2020-01-06,PFE,35.06
2020-01-07,PFE,34.94
2020-01-08,PFE,35.22
2020-01-09,PFE,35.07
2020-01-10,PFE,35.61
2020-01-13,PFE,35.54
2020-01-14,PFE,36.13
2020-01-15,PFE,36.67
2020-01-16,PFE,36.62
2020-01-17,PFE,36.53
2020-01-21,PFE,36.38
2020-01-22,PFE,36.24
2020-01-23,PFE,36.71
2020-01-24,PFE,35.91
2020-01-27,PFE,36.21
2020-01-28,PFE,34.39
2020-01-29,PFE,33.89
2020-01-30,PFE,33.77
2020-01-31,PFE,33.92
2020-02-03,PFE,34.17
2020-02-04,PFE,34.33
2020-02-05,PFE,34.77
2020-02-06,PFE,34.85
2020-02-07,PFE,34.66
2020-02-10,PFE,34.44
2020-02-11,PFE,34.7
2020-02-12,PFE,34.38
2020-02-13,PFE,33.64
2020-02-14,PFE,33.26
2020-02-18,PFE,33.09
2020-02-19,PFE,33.0
2020-02-20,PFE,32.66
2020-02-21,PFE,32.54
2020-02-24,PFE,31.58
2020-02-25,PFE,30.91
2020-02-26,PFE,31.63
2020-02-27,PFE,31.06
2020-02-28,PFE,30.44
2020-03-02,PFE,31.77
2020-03-03,PFE,31.24
2020-03-04,PFE,33.16
2020-03-05,PFE,32.3
2020-03-06,PFE,31.9
2020-03-09,PFE,30.75
2020-03-10,PFE,31.51
2020-03-11,PFE,29.3
2020-03-12,PFE,27.35
2020-03-13,PFE,29.8
2020-03-16,PFE,27.49
2020-03-17,PFE,29.3
2020-03-18,PFE,29.48
2020-03-19,PFE,27.71
2020-03-20,PFE,26.43
2020-03-23,PFE,25.95
2020-03-24,PFE,27.05
2020-03-25,PFE,27.1
2020-03-26,PFE,28.92
2020-03-27,PFE,28.15
2020-03-30,PFE,29.76
2020-03-31,PFE,29.73
2020-04-01,PFE,28.92
2020-04-02,PFE,29.94
2020-04-03,PFE,30.64
2020-04-06,PFE,31.49
2020-04-07,PFE,30.62
2020-04-08,PFE,31.52
2020-04-09,PFE,32.24
2020-04-13,PFE,32.01
2020-04-14,PFE,33.19
2020-04-15,PFE,32.77
2020-04-16,PFE,32.68
2020-04-17,PFE,33.62
2020-04-20,PFE,32.87
2020-04-21,PFE,32.45
2020-04-22,PFE,33.02
2020-04-23,PFE,33.42
2020-04-24,PFE,34.05
2020-04-27,PFE,34.92
2020-04-28,PFE,34.53
2020-04-29,PFE,34.72
2020-04-30,PFE,34.94
2020-05-01,PFE,34.29
2020-05-04,PFE,34.27
2020-05-05,PFE,35.08
2020-05-06,PFE,35.08
2020-05-07,PFE,34.0
2020-05-08,PFE,34.24
2020-05-11,PFE,35.05
2020-05-12,PFE,34.37
2020-05-13,PFE,34.09
2020-05-14,PFE,34.89
2020-05-15,PFE,34.74
2020-05-18,PFE,35.02
2020-05-19,PFE,34.67
2020-05-20,PFE,34.62
2020-05-21,PFE,34.28
2020-05-22,PFE,34.5
2020-05-26,PFE,34.49
2020-05-27,PFE,34.42
2020-05-28,PFE,35.13
2020-05-29,PFE,35.14
2020-06-01,PFE,32.62
2020-06-02,PFE,33.27
2020-06-03,PFE,33.27
2020-06-04,PFE,33.13
2020-06-05,PFE,33.11
2020-06-08,PFE,33.66
2020-06-09,PFE,33.31
2020-06-10,PFE,33.05
2020-06-11,PFE,30.64
2020-06-12,PFE,31.05
2020-06-15,PFE,30.69
2020-06-16,PFE,30.73
2020-06-17,PFE,30.88
2020-06-18,PFE,30.58
2020-06-19,PFE,30.75
2020-06-22,PFE,30.46
2020-06-23,PFE,30.15
2020-06-24,PFE,29.62
2020-06-25,PFE,29.73
2020-06-26,PFE,29.48
2020-06-29,PFE,30.03
2020-06-30,PFE,30.08
2020-07-01,PFE,31.04
2020-07-02,PFE,31.75
2020-07-06,PFE,31.75
2020-07-07,PFE,31.31
2020-07-08,PFE,31.05
2020-07-09,PFE,30.78
2020-07-10,PFE,31.12
2020-07-13,PFE,32.39
2020-07-14,PFE,32.41
2020-07-15,PFE,32.86
2020-07-16,PFE,32.75
2020-07-17,PFE,33.35
2020-07-20,PFE,33.58
2020-07-21,PFE,33.76
2020-07-22,PFE,35.48
2020-07-23,PFE,35.34
2020-07-24,PFE,34.65
2020-07-27,PFE,34.54
2020-07-28,PFE,35.9
2020-07-29,PFE,36.12
2020-07-30,PFE,35.99
2020-07-31,PFE,35.75
2020-08-03,PFE,35.63
2020-08-04,PFE,35.66
2020-08-05,PFE,35.72
2020-08-06,PFE,35.55
2020-08-07,PFE,35.72
2020-08-10,PFE,35.66
2020-08-11,PFE,35.11
2020-08-12,PFE,35.61
2020-08-13,PFE,35.46
2020-08-14,PFE,35.36
2020-08-17,PFE,35.63
2020-08-18,PFE,35.64
2020-08-19,PFE,35.54
2020-08-20,PFE,35.97
2020-08-21,PFE,36.12
2020-08-24,PFE,36.08
2020-08-25,PFE,35.68
2020-08-26,PFE,35.35
2020-08-27,PFE,35.17
2020-08-28,PFE,35.22
2020-08-31,PFE,35.11
2020-09-01,PFE,34.26
2020-09-02,PFE,34.56
2020-09-03,PFE,33.82
2020-09-04,PFE,33.78
2020-09-08,PFE,33.38
2020-09-09,PFE,33.61
2020-09-10,PFE,33.12
2020-09-11,PFE,33.51
2020-09-14,PFE,34.38
2020-09-15,PFE,34.34
2020-09-16,PFE,34.17
2020-09-17,PFE,34.21
2020-09-18,PFE,34.03
2020-09-21,PFE,33.46
2020-09-22,PFE,33.68
2020-09-23,PFE,33.44
2020-09-24,PFE,33.22
2020-09-25,PFE,33.49
2020-09-28,PFE,33.81
2020-09-29,PFE,33.6
2020-09-30,PFE,34.09
2020-10-01,PFE,33.79
2020-10-02,PFE,33.8
2020-10-05,PFE,34.14
2020-10-06,PFE,33.6
2020-10-07,PFE,33.88
2020-10-08,PFE,34.27
2020-10-09,PFE,34.18
2020-10-12,PFE,34.21
2020-10-13,PFE,34.28
2020-10-14,PFE,34.24
2020-10-15,PFE,33.96
2020-10-16,PFE,35.26
2020-10-19,PFE,35.12
2020-10-20,PFE,34.83
2020-10-21,PFE,34.45
2020-10-22,PFE,34.77
2020-10-23,PFE,35.47
2020-10-26,PFE,35.23
2020-10-27,PFE,34.77
2020-10-28,PFE,32.93
2020-10-29,PFE,32.78
2020-10-30,PFE,32.96
2020-11-02,PFE,33.66
2020-11-03,PFE,33.62
2020-11-04,PFE,34.68
2020-11-05,PFE,34.15
2020-11-06,PFE,34.16
2020-11-09,PFE,36.79
2020-11-10,PFE,36.3
2020-11-11,PFE,36.13
2020-11-12,PFE,35.24
2020-11-13,PFE,36.25
2020-11-16,PFE,35.04
2020-11-17,PFE,35.65
2020-11-18,PFE,35.93
2020-11-19,PFE,35.8
2020-11-20,PFE,36.31
2020-11-23,PFE,36.13
2020-11-24,PFE,36.21
2020-11-25,PFE,36.14
2020-11-27,PFE,36.83
2020-11-30,PFE,37.9
2020-12-01,PFE,38.99
2020-12-02,PFE,40.36
2020-12-03,PFE,39.66
2020-12-04,PFE,39.91
2020-12-07,PFE,40.81
2020-12-08,PFE,42.1
2020-12-09,PFE,41.4
2020-12-10,PFE,41.28
2020-12-11,PFE,40.68
2020-12-14,PFE,38.79
2020-12-15,PFE,38.29
2020-12-16,PFE,37.43
2020-12-17,PFE,37.62
2020-12-18,PFE,37.27
2020-12-21,PFE,36.98
2020-12-22,PFE,36.34
2020-12-23,PFE,37.04
2020-12-24,PFE,36.87
2020-12-28,PFE,36.42
2020-12-29,PFE,36.65
2020-12-30,PFE,36.34
2020-12-31,PFE,36.41
2021-01-04,PFE,36.41
2021-01-05,PFE,36.79
2021-01-06,PFE,36.47
2021-01-07,PFE,36.66
2021-01-08,PFE,36.73
2021-01-11,PFE,37.36
2021-01-12,PFE,36.78
2021-01-13,PFE,36.46
2021-01-14,PFE,36.35
2021-01-15,PFE,36.31
2021-01-19,PFE,36.33
2021-01-20,PFE,36.11
2021-01-21,PFE,36.09
2021-01-22,PFE,36.16
2021-01-25,PFE,36.88
2021-01-26,PFE,36.91
2021-01-27,PFE,35.85
2021-01-28,PFE,35.86
2021-01-29,PFE,35.9
2021-02-01,PFE,35.8
2021-02-02,PFE,34.99
2021-02-03,PFE,34.84
2021-02-04,PFE,34.89
2021-02-05,PFE,34.92
2021-02-08,PFE,34.82
2021-02-09,PFE,34.97
2021-02-10,PFE,34.74
2021-02-11,PFE,34.43
2021-02-12,PFE,34.72
2021-02-16,PFE,34.69
2021-02-17,PFE,34.89
2021-02-18,PFE,34.56
2021-02-19,PFE,34.44
2021-02-22,PFE,34.26
2021-02-23,PFE,33.91
2021-02-24,PFE,33.75
2021-02-25,PFE,33.82
2021-02-26,PFE,33.49
2021-03-01,PFE,33.69
2021-03-02,PFE,33.51
2021-03-03,PFE,34.39
2021-03-04,PFE,34.2
2021-03-05,PFE,34.39
2021-03-08,PFE,34.35
2021-03-09,PFE,34.45
2021-03-10,PFE,34.93
2021-03-11,PFE,34.71
2021-03-12,PFE,34.94
2021-03-15,PFE,35.41
2021-03-16,PFE,35.83
2021-03-17,PFE,35.79
2021-03-18,PFE,35.77
2021-03-19,PFE,35.53
2021-03-22,PFE,36.0
2021-03-23,PFE,35.36
2021-03-24,PFE,35.61
2021-03-25,PFE,35.67
2021-03-26,PFE,36.25
2021-03-29,PFE,36.62
2021-03-30,PFE,36.11
2021-03-31,PFE,36.23
2021-04-01,PFE,36.3
2021-04-05,PFE,36.28
2021-04-06,PFE,36.05
2021-04-07,PFE,35.91
2021-04-08,PFE,35.96
2021-04-09,PFE,36.6
2021-04-12,PFE,36.97
2021-04-13,PFE,37.01
2019-10-10,BNTX,14.24
2019-10-11,BNTX,13.82
2019-10-14,BNTX,12.75
2019-10-15,BNTX,12.92
2019-10-16,BNTX,12.94
2019-10-17,BNTX,13.0
2019-10-18,BNTX,14.14
2019-10-21,BNTX,16.28
2019-10-22,BNTX,20.64
2019-10-23,BNTX,17.64
2019-10-24,BNTX,18.85
2019-10-25,BNTX,17.57
2019-10-28,BNTX,16.46
2019-10-29,BNTX,17.0
2019-10-30,BNTX,16.79
2019-10-31,BNTX,16.82
2019-11-01,BNTX,16.52
2019-11-04,BNTX,18.97
2019-11-05,BNTX,18.48
2019-11-06,BNTX,17.38
2019-11-07,BNTX,18.42
2019-11-08,BNTX,18.87
2019-11-11,BNTX,19.74
2019-11-12,BNTX,17.64
2019-11-13,BNTX,18.55
2019-11-14,BNTX,19.0
2019-11-15,BNTX,19.24
2019-11-18,BNTX,19.7
2019-11-19,BNTX,20.33
2019-11-20,BNTX,20.35
2019-11-21,BNTX,19.68
2019-11-22,BNTX,21.33
2019-11-25,BNTX,20.75
2019-11-26,BNTX,21.36
2019-11-27,BNTX,21.88
2019-11-29,BNTX,21.98
2019-12-02,BNTX,21.87
2019-12-03,BNTX,20.77
2019-12-04,BNTX,21.37
2019-12-05,BNTX,22.49
2019-12-06,BNTX,24.37
2019-12-09,BNTX,29.0
2019-12-10,BNTX,28.0
2019-12-11,BNTX,31.3
2019-12-12,BNTX,29.84
2019-12-13,BNTX,32.45
2019-12-16,BNTX,35.0
2019-12-17,BNTX,36.91
2019-12-18,BNTX,35.0
2019-12-19,BNTX,29.34
2019-12-20,BNTX,34.97
2019-12-23,BNTX,34.73
2019-12-24,BNTX,33.47
2019-12-26,BNTX,33.2
2019-12-27,BNTX,32.58
2019-12-30,BNTX,34.91
2019-12-31,BNTX,33.88
2020-01-02,BNTX,38.5
2020-01-03,BNTX,40.05
2020-01-06,BNTX,44.58
2020-01-07,BNTX,43.34
2020-01-08,BNTX,45.1
2020-01-09,BNTX,43.27
2020-01-10,BNTX,39.68
2020-01-13,BNTX,37.83
2020-01-14,BNTX,34.53
2020-01-15,BNTX,34.55
2020-01-16,BNTX,32.25
2020-01-17,BNTX,33.18
2020-01-21,BNTX,36.54
2020-01-22,BNTX,38.88
2020-01-23,BNTX,36.7
2020-01-24,BNTX,34.99
2020-01-27,BNTX,33.2
2020-01-28,BNTX,34.22
2020-01-29,BNTX,31.8
2020-01-30,BNTX,29.9
2020-01-31,BNTX,29.21
2020-02-03,BNTX,30.27
2020-02-04,BNTX,32.92
2020-02-05,BNTX,29.25
2020-02-06,BNTX,32.93
2020-02-07,BNTX,30.88
2020-02-10,BNTX,32.12
2020-02-11,BNTX,30.71
2020-02-12,BNTX,29.56
2020-02-13,BNTX,30.64
2020-02-14,BNTX,30.75
2020-02-18,BNTX,31.54
2020-02-19,BNTX,32.25
2020-02-20,BNTX,32.38
2020-02-21,BNTX,32.35
2020-02-24,BNTX,30.6
2020-02-25,BNTX,33.44
2020-02-26,BNTX,33.75
2020-02-27,BNTX,33.88
2020-02-28,BNTX,35.1
2020-03-02,BNTX,36.6
2020-03-03,BNTX,38.48
2020-03-04,BNTX,39.19
2020-03-05,BNTX,37.12
2020-03-06,BNTX,38.09
2020-03-09,BNTX,33.48
2020-03-10,BNTX,33.96
2020-03-11,BNTX,32.17
2020-03-12,BNTX,28.55
2020-03-13,BNTX,30.93
2020-03-16,BNTX,40.0
2020-03-17,BNTX,66.6
2020-03-18,BNTX,92.0
2020-03-19,BNTX,59.3
2020-03-20,BNTX,46.5
2020-03-23,BNTX,51.31
2020-03-24,BNTX,53.64
2020-03-25,BNTX,47.2
2020-03-26,BNTX,55.0
2020-03-27,BNTX,55.0
2020-03-30,BNTX,62.0
2020-03-31,BNTX,58.4
2020-04-01,BNTX,52.92
2020-04-02,BNTX,56.91
2020-04-03,BNTX,52.75
2020-04-06,BNTX,52.73
2020-04-07,BNTX,45.6
2020-04-08,BNTX,44.95
2020-04-09,BNTX,45.41
2020-04-13,BNTX,41.71
2020-04-14,BNTX,41.63
2020-04-15,BNTX,38.58
2020-04-16,BNTX,38.79
2020-04-17,BNTX,40.81
2020-04-20,BNTX,43.37
2020-04-21,BNTX,42.26
2020-04-22,BNTX,53.5
2020-04-23,BNTX,50.0
2020-04-24,BNTX,47.75
2020-04-27,BNTX,49.4
2020-04-28,BNTX,45.83
2020-04-29,BNTX,49.25
2020-04-30,BNTX,47.48
2020-05-01,BNTX,45.11
2020-05-04,BNTX,45.78
2020-05-05,BNTX,50.0
2020-05-06,BNTX,47.78
2020-05-07,BNTX,49.32
2020-05-08,BNTX,49.24
2020-05-11,BNTX,49.98
2020-05-12,BNTX,49.33
2020-05-13,BNTX,48.49
2020-05-14,BNTX,48.66
2020-05-15,BNTX,49.49
2020-05-18,BNTX,60.17
2020-05-19,BNTX,50.59
2020-05-20,BNTX,53.04
2020-05-21,BNTX,51.9
2020-05-22,BNTX,51.03
2020-05-26,BNTX,50.88
2020-05-27,BNTX,47.59
2020-05-28,BNTX,46.87
2020-05-29,BNTX,49.53
2020-06-01,BNTX,52.3
2020-06-02,BNTX,52.38
2020-06-03,BNTX,51.16
2020-06-04,BNTX,50.0
2020-06-05,BNTX,49.18
2020-06-08,BNTX,48.78
2020-06-09,BNTX,47.79
2020-06-10,BNTX,47.41
2020-06-11,BNTX,48.6
2020-06-12,BNTX,48.58
2020-06-15,BNTX,50.85
2020-06-16,BNTX,49.9
2020-06-17,BNTX,50.85
2020-06-18,BNTX,50.94
2020-06-19,BNTX,51.36
2020-06-22,BNTX,57.45
2020-06-23,BNTX,52.75
2020-06-24,BNTX,54.73
2020-06-25,BNTX,59.71
2020-06-26,BNTX,62.13
2020-06-29,BNTX,65.8
2020-06-30,BNTX,66.74
2020-07-01,BNTX,64.14
2020-07-02,BNTX,63.27
2020-07-06,BNTX,65.51
2020-07-07,BNTX,69.34
2020-07-08,BNTX,67.56
2020-07-09,BNTX,65.61
2020-07-10,BNTX,70.36
2020-07-13,BNTX,77.78
2020-07-14,BNTX,83.88
2020-07-15,BNTX,78.0
2020-07-16,BNTX,75.87
2020-07-17,BNTX,85.25
2020-07-20,BNTX,88.2
2020-07-21,BNTX,91.6
2020-07-22,BNTX,104.17
2020-07-23,BNTX,88.51
2020-07-24,BNTX,84.17
2020-07-27,BNTX,86.53
2020-07-28,BNTX,85.38
2020-07-29,BNTX,82.5
2020-07-30,BNTX,84.16
2020-07-31,BNTX,82.11
2020-08-03,BNTX,85.47
2020-08-04,BNTX,83.17
2020-08-05,BNTX,81.3
2020-08-06,BNTX,77.08
2020-08-07,BNTX,77.0
2020-08-10,BNTX,73.95
2020-08-11,BNTX,68.45
2020-08-12,BNTX,69.11
2020-08-13,BNTX,71.0
2020-08-14,BNTX,68.64
2020-08-17,BNTX,70.26
2020-08-18,BNTX,67.88
2020-08-19,BNTX,65.6
2020-08-20,BNTX,66.27
2020-08-21,BNTX,73.02
2020-08-24,BNTX,70.85
2020-08-25,BNTX,70.49
2020-08-26,BNTX,67.9
2020-08-27,BNTX,65.59
2020-08-28,BNTX,64.0
2020-08-31,BNTX,61.25
2020-09-01,BNTX,57.81
2020-09-02,BNTX,61.99
2020-09-03,BNTX,59.28
2020-09-04,BNTX,58.57
2020-09-08,BNTX,59.83
2020-09-09,BNTX,62.32
2020-09-10,BNTX,61.2
2020-09-11,BNTX,65.13
2020-09-14,BNTX,67.48
2020-09-15,BNTX,66.92
2020-09-16,BNTX,66.04
2020-09-17,BNTX,66.78
2020-09-18,BNTX,67.0
2020-09-21,BNTX,66.12
2020-09-22,BNTX,67.05
2020-09-23,BNTX,63.83
2020-09-24,BNTX,62.83
2020-09-25,BNTX,66.69
2020-09-28,BNTX,66.5
2020-09-29,BNTX,66.86
2020-09-30,BNTX,69.23
2020-10-01,BNTX,72.71
2020-10-02,BNTX,73.7
2020-10-05,BNTX,80.7
2020-10-06,BNTX,85.59
2020-10-07,BNTX,86.23
2020-10-08,BNTX,87.95
2020-10-09,BNTX,89.04
2020-10-12,BNTX,88.74
2020-10-13,BNTX,93.0
2020-10-14,BNTX,86.86
2020-10-15,BNTX,90.38
2020-10-16,BNTX,94.09
2020-10-19,BNTX,93.92
2020-10-20,BNTX,94.35
2020-10-21,BNTX,87.72
2020-10-22,BNTX,86.36
2020-10-23,BNTX,88.69
2020-10-26,BNTX,82.93
2020-10-27,BNTX,83.95
2020-10-28,BNTX,77.54
2020-10-29,BNTX,84.81
2020-10-30,BNTX,85.36
2020-11-02,BNTX,87.1
2020-11-03,BNTX,87.22
2020-11-04,BNTX,90.69
2020-11-05,BNTX,92.0
2020-11-06,BNTX,92.0
2020-11-09,BNTX,104.8
2020-11-10,BNTX,112.76
2020-11-11,BNTX,109.45
2020-11-12,BNTX,101.63
2020-11-13,BNTX,106.0
2020-11-16,BNTX,91.52
2020-11-17,BNTX,86.93
2020-11-18,BNTX,90.44
2020-11-19,BNTX,94.93
2020-11-20,BNTX,104.07
2020-11-23,BNTX,106.5
2020-11-24,BNTX,101.87
2020-11-25,BNTX,104.96
2020-11-27,BNTX,109.99
2020-11-30,BNTX,124.24
2020-12-01,BNTX,114.01
2020-12-02,BNTX,121.09
2020-12-03,BNTX,118.68
2020-12-04,BNTX,120.0
2020-12-07,BNTX,125.7
2020-12-08,BNTX,128.11
2020-12-09,BNTX,122.81
2020-12-10,BNTX,129.54
2020-12-11,BNTX,127.3
2020-12-14,BNTX,108.27
2020-12-15,BNTX,111.2
2020-12-16,BNTX,105.78
2020-12-17,BNTX,106.43
2020-12-18,BNTX,104.24
2020-12-21,BNTX,106.46
2020-12-22,BNTX,100.56
2020-12-23,BNTX,100.06
2020-12-24,BNTX,96.96
2020-12-28,BNTX,88.11
2020-12-29,BNTX,88.28
2020-12-30,BNTX,83.94
2020-12-31,BNTX,81.52
2021-01-04,BNTX,85.73
2021-01-05,BNTX,86.78
2021-01-06,BNTX,91.16
2021-01-07,BNTX,93.69
2021-01-08,BNTX,100.39
2021-01-11,BNTX,108.9
2021-01-12,BNTX,105.45
2021-01-13,BNTX,102.61
2021-01-14,BNTX,105.85
2021-01-15,BNTX,101.59
2021-01-19,BNTX,104.7
2021-01-20,BNTX,103.23
2021-01-21,BNTX,105.43
2021-01-22,BNTX,108.44
2021-01-25,BNTX,110.61
2021-01-26,BNTX,106.29
2021-01-27,BNTX,105.97
2021-01-28,BNTX,110.0
2021-01-29,BNTX,116.94
2021-02-01,BNTX,116.1
2021-02-02,BNTX,114.76
2021-02-03,BNTX,118.02
2021-02-04,BNTX,117.56
2021-02-05,BNTX,117.57
2021-02-08,BNTX,119.5
2021-02-09,BNTX,117.53
2021-02-10,BNTX,119.35
2021-02-11,BNTX,118.03
2021-02-12,BNTX,117.56
2021-02-16,BNTX,114.38
2021-02-17,BNTX,113.56
2021-02-18,BNTX,112.65
2021-02-19,BNTX,115.69
2021-02-22,BNTX,114.6
2021-02-23,BNTX,111.97
2021-02-24,BNTX,114.17
2021-02-25,BNTX,112.33
2021-02-26,BNTX,109.03
2021-03-01,BNTX,110.21
2021-03-02,BNTX,104.98
2021-03-03,BNTX,97.25
2021-03-04,BNTX,95.15
2021-03-05,BNTX,96.2
2021-03-08,BNTX,90.29
2021-03-09,BNTX,96.48
2021-03-10,BNTX,98.02
2021-03-11,BNTX,102.6
2021-03-12,BNTX,103.28
2021-03-15,BNTX,107.88
2021-03-16,BNTX,108.1
2021-03-17,BNTX,106.66
2021-03-18,BNTX,103.65
2021-03-19,BNTX,107.59
2021-03-22,BNTX,107.0
2021-03-23,BNTX,100.11
2021-03-24,BNTX,94.05
2021-03-25,BNTX,95.13
2021-03-26,BNTX,95.76
2021-03-29,BNTX,95.91
2021-03-30,BNTX,104.44
2021-03-31,BNTX,109.19
2021-04-01,BNTX,113.87
2021-04-05,BNTX,115.37
2021-04-06,BNTX,117.15
2021-04-07,BNTX,113.32
2021-04-08,BNTX,114.49
2021-04-09,BNTX,122.14
2021-04-12,BNTX,121.52
2021-04-13,BNTX,127.8
2019-04-15,MRNA,25.84
2019-04-16,MRNA,23.78
2019-04-17,MRNA,23.5
2019-04-18,MRNA,22.51
2019-04-22,MRNA,23.63
2019-04-23,MRNA,24.7
2019-04-24,MRNA,25.76
2019-04-25,MRNA,25.74
2019-04-26,MRNA,26.26
2019-04-29,MRNA,25.14
2019-04-30,MRNA,26.03
2019-05-01,MRNA,26.4
2019-05-02,MRNA,28.34
2019-05-03,MRNA,27.2
2019-05-06,MRNA,27.1
2019-05-07,MRNA,24.55
2019-05-08,MRNA,23.54
2019-05-09,MRNA,23.26
2019-05-10,MRNA,24.92
2019-05-13,MRNA,24.43
2019-05-14,MRNA,23.59
2019-05-15,MRNA,23.12
2019-05-16,MRNA,23.46
2019-05-17,MRNA,23.08
2019-05-20,MRNA,22.6
2019-05-21,MRNA,22.7
2019-05-22,MRNA,22.0
2019-05-23,MRNA,21.38
2019-05-24,MRNA,21.83
2019-05-28,MRNA,21.54
2019-05-29,MRNA,21.7
2019-05-30,MRNA,21.49
2019-05-31,MRNA,20.78
2019-06-03,MRNA,19.85
2019-06-04,MRNA,19.47
2019-06-05,MRNA,17.7
2019-06-06,MRNA,17.94
2019-06-07,MRNA,17.52
2019-06-10,MRNA,15.67
2019-06-11,MRNA,16.0
2019-06-12,MRNA,16.3
2019-06-13,MRNA,16.16
2019-06-14,MRNA,15.4
2019-06-17,MRNA,15.77
2019-06-18,MRNA,15.74
2019-06-19,MRNA,15.5
2019-06-20,MRNA,15.18
2019-06-21,MRNA,14.7
2019-06-24,MRNA,14.04
2019-06-25,MRNA,13.77
2019-06-26,MRNA,13.7
2019-06-27,MRNA,14.34
2019-06-28,MRNA,14.64
2019-07-01,MRNA,14.73
2019-07-02,MRNA,14.4
2019-07-03,MRNA,15.31
2019-07-05,MRNA,14.96
2019-07-08,MRNA,14.29
2019-07-09,MRNA,14.85
2019-07-10,MRNA,14.48
2019-07-11,MRNA,14.44
2019-07-12,MRNA,14.2
2019-07-15,MRNA,14.32
2019-07-16,MRNA,14.14
2019-07-17,MRNA,14.03
2019-07-18,MRNA,14.26
2019-07-19,MRNA,14.11
2019-07-22,MRNA,14.05
2019-07-23,MRNA,13.6
2019-07-24,MRNA,14.47
2019-07-25,MRNA,13.51
2019-07-26,MRNA,14.12
2019-07-29,MRNA,13.69
2019-07-30,MRNA,13.4
2019-07-31,MRNA,13.1
2019-08-01,MRNA,13.01
2019-08-02,MRNA,12.73
2019-08-05,MRNA,12.26
2019-08-06,MRNA,12.29
2019-08-07,MRNA,12.85
2019-08-08,MRNA,13.19
2019-08-09,MRNA,13.33
2019-08-12,MRNA,13.02
2019-08-13,MRNA,13.3
2019-08-14,MRNA,12.74
2019-08-15,MRNA,12.67
2019-08-16,MRNA,13.16
2019-08-19,MRNA,13.4
2019-08-20,MRNA,14.15
2019-08-21,MRNA,14.29
2019-08-22,MRNA,14.16
2019-08-23,MRNA,13.88
2019-08-26,MRNA,14.97
2019-08-27,MRNA,14.51
2019-08-28,MRNA,14.82
2019-08-29,MRNA,15.18
2019-08-30,MRNA,15.73
2019-09-03,MRNA,14.88
2019-09-04,MRNA,15.42
2019-09-05,MRNA,15.53
2019-09-06,MRNA,15.88
2019-09-09,MRNA,16.03
2019-09-10,MRNA,17.09
2019-09-11,MRNA,15.92
2019-09-12,MRNA,16.4
2019-09-13,MRNA,16.71
2019-09-16,MRNA,17.05
2019-09-17,MRNA,17.66
2019-09-18,MRNA,17.78
2019-09-19,MRNA,17.9
2019-09-20,MRNA,18.07
2019-09-23,MRNA,17.83
2019-09-24,MRNA,17.82
2019-09-25,MRNA,17.18
2019-09-26,MRNA,16.34
2019-09-27,MRNA,15.9
2019-09-30,MRNA,15.92
2019-10-01,MRNA,14.81
2019-10-02,MRNA,14.86
2019-10-03,MRNA,15.07
2019-10-04,MRNA,15.51
2019-10-07,MRNA,15.47
2019-10-08,MRNA,15.31
2019-10-09,MRNA,14.2
2019-10-10,MRNA,14.16
2019-10-11,MRNA,14.06
2019-10-14,MRNA,13.93
2019-10-15,MRNA,14.33
2019-10-16,MRNA,14.15
2019-10-17,MRNA,14.54
2019-10-18,MRNA,14.81
2019-10-21,MRNA,15.5
2019-10-22,MRNA,15.92
2019-10-23,MRNA,16.9
2019-10-24,MRNA,16.59
2019-10-25,MRNA,17.01
2019-10-28,MRNA,17.03
2019-10-29,MRNA,16.99
2019-10-30,MRNA,17.14
2019-10-31,MRNA,16.75
2019-11-01,MRNA,15.66
2019-11-04,MRNA,16.8
2019-11-05,MRNA,16.89
2019-11-06,MRNA,16.13
2019-11-07,MRNA,17.5
2019-11-08,MRNA,17.49
2019-11-11,MRNA,17.4
2019-11-12,MRNA,17.99
2019-11-13,MRNA,18.25
2019-11-14,MRNA,18.34
2019-11-15,MRNA,19.37
2019-11-18,MRNA,19.45
2019-11-19,MRNA,19.36
2019-11-20,MRNA,20.18
2019-11-21,MRNA,20.2
2019-11-22,MRNA,20.69
2019-11-25,MRNA,20.0
2019-11-26,MRNA,20.33
2019-11-27,MRNA,20.37
2019-11-29,MRNA,20.36
2019-12-02,MRNA,19.76
2019-12-03,MRNA,21.28
2019-12-04,MRNA,21.27
2019-12-05,MRNA,20.64
2019-12-06,MRNA,18.94
2019-12-09,MRNA,18.78
2019-12-10,MRNA,18.87
2019-12-11,MRNA,18.65
2019-12-12,MRNA,18.45
2019-12-13,MRNA,18.62
2019-12-16,MRNA,18.52
2019-12-17,MRNA,18.44
2019-12-18,MRNA,18.64
2019-12-19,MRNA,19.41
2019-12-20,MRNA,19.83
2019-12-23,MRNA,19.7
2019-12-24,MRNA,19.75
2019-12-26,MRNA,19.86
2019-12-27,MRNA,19.52
2019-12-30,MRNA,19.05
2019-12-31,MRNA,19.56
2020-01-02,MRNA,19.23
2020-01-03,MRNA,18.89
2020-01-06,MRNA,18.13
2020-01-07,MRNA,17.78
2020-01-08,MRNA,17.98
2020-01-09,MRNA,18.4
2020-01-10,MRNA,19.14
2020-01-13,MRNA,20.26
2020-01-14,MRNA,20.0
2020-01-15,MRNA,20.24
2020-01-16,MRNA,21.01
2020-01-17,MRNA,20.62
2020-01-21,MRNA,20.94
2020-01-22,MRNA,21.97
2020-01-23,MRNA,21.47
2020-01-24,MRNA,21.12
2020-01-27,MRNA,22.74
2020-01-28,MRNA,22.36
2020-01-29,MRNA,20.55
2020-01-30,MRNA,20.99
2020-01-31,MRNA,20.51
2020-02-03,MRNA,20.38
2020-02-04,MRNA,20.87
2020-02-05,MRNA,20.05
2020-02-06,MRNA,19.88
2020-02-07,MRNA,23.24
2020-02-10,MRNA,23.65
2020-02-11,MRNA,21.35
2020-02-12,MRNA,19.01
2020-02-13,MRNA,19.05
2020-02-14,MRNA,19.0
2020-02-18,MRNA,18.91
2020-02-19,MRNA,18.92
2020-02-20,MRNA,18.54
2020-02-21,MRNA,18.23
2020-02-24,MRNA,18.59
2020-02-25,MRNA,23.76
2020-02-26,MRNA,29.16
2020-02-27,MRNA,26.16
2020-02-28,MRNA,25.93
2020-03-02,MRNA,29.88
2020-03-03,MRNA,27.91
2020-03-04,MRNA,27.49
2020-03-05,MRNA,28.01
2020-03-06,MRNA,29.61
2020-03-09,MRNA,24.29
2020-03-10,MRNA,22.34
2020-03-11,MRNA,23.61
2020-03-12,MRNA,22.3
2020-03-13,MRNA,21.3
2020-03-16,MRNA,26.49
2020-03-17,MRNA,28.18
2020-03-18,MRNA,31.58
2020-03-19,MRNA,28.27
2020-03-20,MRNA,28.2
2020-03-23,MRNA,26.57
2020-03-24,MRNA,25.82
2020-03-25,MRNA,27.13
2020-03-26,MRNA,27.94
2020-03-27,MRNA,30.05
2020-03-30,MRNA,30.48
2020-03-31,MRNA,29.95
2020-04-01,MRNA,29.67
2020-04-02,MRNA,33.2
2020-04-03,MRNA,34.84
2020-04-06,MRNA,34.64
2020-04-07,MRNA,32.02
2020-04-08,MRNA,32.42
2020-04-09,MRNA,31.86
2020-04-13,MRNA,32.9
2020-04-14,MRNA,34.66
2020-04-15,MRNA,37.25
2020-04-16,MRNA,40.6
2020-04-17,MRNA,46.85
2020-04-20,MRNA,51.69
2020-04-21,MRNA,49.26
2020-04-22,MRNA,51.2
2020-04-23,MRNA,47.44
2020-04-24,MRNA,50.5
2020-04-27,MRNA,48.05
2020-04-28,MRNA,47.88
2020-04-29,MRNA,46.37
2020-04-30,MRNA,45.99
2020-05-01,MRNA,47.93
2020-05-04,MRNA,50.5
2020-05-05,MRNA,49.34
2020-05-06,MRNA,48.95
2020-05-07,MRNA,53.19
2020-05-08,MRNA,59.25
2020-05-11,MRNA,66.9
2020-05-12,MRNA,62.35
2020-05-13,MRNA,65.18
2020-05-14,MRNA,64.56
2020-05-15,MRNA,66.69
2020-05-18,MRNA,80.0
2020-05-19,MRNA,71.67
2020-05-20,MRNA,73.47
2020-05-21,MRNA,67.05
2020-05-22,MRNA,69.0
2020-05-26,MRNA,57.71
2020-05-27,MRNA,52.18
2020-05-28,MRNA,55.54
2020-05-29,MRNA,61.5
2020-06-01,MRNA,62.18
2020-06-02,MRNA,59.87
2020-06-03,MRNA,59.89
2020-06-04,MRNA,60.59
2020-06-05,MRNA,58.19
2020-06-08,MRNA,59.1
2020-06-09,MRNA,58.23
2020-06-10,MRNA,60.07
2020-06-11,MRNA,60.2
2020-06-12,MRNA,62.0
2020-06-15,MRNA,66.57
2020-06-16,MRNA,64.34
2020-06-17,MRNA,63.31
2020-06-18,MRNA,64.95
2020-06-19,MRNA,66.35
2020-06-22,MRNA,64.75
2020-06-23,MRNA,62.94
2020-06-24,MRNA,64.84
2020-06-25,MRNA,62.0
2020-06-26,MRNA,61.28
2020-06-29,MRNA,62.08
2020-06-30,MRNA,64.21
2020-07-01,MRNA,61.59
2020-07-02,MRNA,58.57
2020-07-06,MRNA,59.15
2020-07-07,MRNA,61.09
2020-07-08,MRNA,61.58
2020-07-09,MRNA,64.96
2020-07-10,MRNA,62.61
2020-07-13,MRNA,71.78
2020-07-14,MRNA,75.04
2020-07-15,MRNA,80.22
2020-07-16,MRNA,81.81
2020-07-17,MRNA,94.85
2020-07-20,MRNA,82.68
2020-07-21,MRNA,80.86
2020-07-22,MRNA,83.22
2020-07-23,MRNA,75.33
2020-07-24,MRNA,73.21
2020-07-27,MRNA,79.91
2020-07-28,MRNA,81.49
2020-07-29,MRNA,79.51
2020-07-30,MRNA,77.63
2020-07-31,MRNA,74.1
2020-08-03,MRNA,77.98
2020-08-04,MRNA,78.46
2020-08-05,MRNA,75.8
2020-08-06,MRNA,73.76
2020-08-07,MRNA,74.1
2020-08-10,MRNA,72.01
2020-08-11,MRNA,68.97
2020-08-12,MRNA,69.52
2020-08-13,MRNA,67.83
2020-08-14,MRNA,69.15
2020-08-17,MRNA,69.76
2020-08-18,MRNA,67.03
2020-08-19,MRNA,68.0
2020-08-20,MRNA,67.81
2020-08-21,MRNA,66.45
2020-08-24,MRNA,64.88
2020-08-25,MRNA,66.25
2020-08-26,MRNA,70.5
2020-08-27,MRNA,68.03
2020-08-28,MRNA,67.49
2020-08-31,MRNA,64.89
2020-09-01,MRNA,63.32
2020-09-02,MRNA,64.72
2020-09-03,MRNA,64.84
2020-09-04,MRNA,62.6
2020-09-08,MRNA,54.34
2020-09-09,MRNA,56.9
2020-09-10,MRNA,57.56
2020-09-11,MRNA,59.34
2020-09-14,MRNA,63.67
2020-09-15,MRNA,66.88
2020-09-16,MRNA,68.84
2020-09-17,MRNA,67.89
2020-09-18,MRNA,69.87
2020-09-21,MRNA,69.26
2020-09-22,MRNA,68.72
2020-09-23,MRNA,67.16
2020-09-24,MRNA,65.17
2020-09-25,MRNA,69.47
2020-09-28,MRNA,70.55
2020-09-29,MRNA,70.52
2020-09-30,MRNA,70.75
2020-10-01,MRNA,70.03
2020-10-02,MRNA,68.81
2020-10-05,MRNA,71.95
2020-10-06,MRNA,71.04
2020-10-07,MRNA,72.37
2020-10-08,MRNA,72.93
2020-10-09,MRNA,73.0
2020-10-12,MRNA,75.31
2020-10-13,MRNA,78.29
2020-10-14,MRNA,76.56
2020-10-15,MRNA,75.58
2020-10-16,MRNA,73.94
2020-10-19,MRNA,70.96
2020-10-20,MRNA,71.31
2020-10-21,MRNA,68.37
2020-10-22,MRNA,70.84
2020-10-23,MRNA,70.53
2020-10-26,MRNA,70.24
2020-10-27,MRNA,70.67
2020-10-28,MRNA,65.74
2020-10-29,MRNA,71.28
2020-10-30,MRNA,67.47
2020-11-02,MRNA,67.11
2020-11-03,MRNA,69.08
2020-11-04,MRNA,69.81
2020-11-05,MRNA,71.48
2020-11-06,MRNA,72.45
2020-11-09,MRNA,77.74
2020-11-10,MRNA,76.05
2020-11-11,MRNA,82.44
2020-11-12,MRNA,87.81
2020-11-13,MRNA,89.39
2020-11-16,MRNA,97.95
2020-11-17,MRNA,93.15
2020-11-18,MRNA,88.89
2020-11-19,MRNA,92.77
2020-11-20,MRNA,97.61
2020-11-23,MRNA,101.03
2020-11-24,MRNA,98.56
2020-11-25,MRNA,109.18
2020-11-27,MRNA,127.03
2020-11-30,MRNA,152.74
2020-12-01,MRNA,141.01
2020-12-02,MRNA,143.0
2020-12-03,MRNA,157.26
2020-12-04,MRNA,152.52
2020-12-07,MRNA,159.52
2020-12-08,MRNA,169.86
2020-12-09,MRNA,156.59
2020-12-10,MRNA,155.69
2020-12-11,MRNA,156.93
2020-12-14,MRNA,155.07
2020-12-15,MRNA,147.22
2020-12-16,MRNA,137.03
2020-12-17,MRNA,144.0
2020-12-18,MRNA,140.23
2020-12-21,MRNA,138.3
2020-12-22,MRNA,125.88
2020-12-23,MRNA,130.34
2020-12-24,MRNA,123.39
2020-12-28,MRNA,111.4
2020-12-29,MRNA,114.39
2020-12-30,MRNA,111.13
2020-12-31,MRNA,104.47
2021-01-04,MRNA,111.73
2021-01-05,MRNA,109.18
2021-01-06,MRNA,116.26
2021-01-07,MRNA,115.09
2021-01-08,MRNA,112.75
2021-01-11,MRNA,117.26
2021-01-12,MRNA,124.55
2021-01-13,MRNA,124.06
2021-01-14,MRNA,129.72
2021-01-15,MRNA,129.65
2021-01-19,MRNA,125.01
2021-01-20,MRNA,125.14
2021-01-21,MRNA,132.98
2021-01-22,MRNA,131.02
2021-01-25,MRNA,147.0
2021-01-26,MRNA,151.93
2021-01-27,MRNA,155.73
2021-01-28,MRNA,159.55
2021-01-29,MRNA,173.16
2021-02-01,MRNA,157.48
2021-02-02,MRNA,158.58
2021-02-03,MRNA,165.86
2021-02-04,MRNA,173.31
2021-02-05,MRNA,176.24
2021-02-08,MRNA,185.98
2021-02-09,MRNA,179.52
2021-02-10,MRNA,179.34
2021-02-11,MRNA,183.44
2021-02-12,MRNA,183.74
2021-02-16,MRNA,178.53
2021-02-17,MRNA,176.76
2021-02-18,MRNA,169.57
2021-02-19,MRNA,174.74
2021-02-22,MRNA,159.37
2021-02-23,MRNA,150.17
2021-02-24,MRNA,144.79
2021-02-25,MRNA,148.38
2021-02-26,MRNA,154.81
2021-03-01,MRNA,157.4
2021-03-02,MRNA,146.81
2021-03-03,MRNA,131.22
2021-03-04,MRNA,132.3
2021-03-05,MRNA,132.19
2021-03-08,MRNA,123.47
2021-03-09,MRNA,130.87
2021-03-10,MRNA,129.75
2021-03-11,MRNA,140.47
2021-03-12,MRNA,136.99
2021-03-15,MRNA,143.66
2021-03-16,MRNA,156.02
2021-03-17,MRNA,147.55
2021-03-18,MRNA,141.46
2021-03-19,MRNA,143.74
2021-03-22,MRNA,145.6
2021-03-23,MRNA,136.52
2021-03-24,MRNA,131.61
2021-03-25,MRNA,133.33
2021-03-26,MRNA,133.28
2021-03-29,MRNA,123.42
2021-03-30,MRNA,118.49
2021-03-31,MRNA,130.95
2021-04-01,MRNA,132.55
2021-04-05,MRNA,129.91
2021-04-06,MRNA,133.53
2021-04-07,MRNA,131.47
2021-04-08,MRNA,133.88
2021-04-09,MRNA,140.92
2021-04-12,MRNA,139.4
2021-04-13,MRNA,147.85
2019-04-15,JNJ,129.31
2019-04-16,JNJ,130.73
2019-04-17,JNJ,131.21
2019-04-18,JNJ,130.26
2019-04-22,JNJ,130.55
2019-04-23,JNJ,132.52
2019-04-24,JNJ,131.85
2019-04-25,JNJ,132.28
2019-04-26,JNJ,132.98
2019-04-29,JNJ,132.46
2019-04-30,JNJ,133.75
2019-05-01,JNJ,134.46
2019-05-02,JNJ,133.82
2019-05-03,JNJ,134.51
2019-05-06,JNJ,134.59
2019-05-07,JNJ,132.58
2019-05-08,JNJ,132.41
2019-05-09,JNJ,131.41
2019-05-10,JNJ,131.71
2019-05-13,JNJ,129.96
2019-05-14,JNJ,129.6
2019-05-15,JNJ,129.68
2019-05-16,JNJ,130.91
2019-05-17,JNJ,131.29
2019-05-20,JNJ,131.11
2019-05-21,JNJ,130.83
2019-05-22,JNJ,131.44
2019-05-23,JNJ,132.41
2019-05-24,JNJ,132.42
2019-05-28,JNJ,130.72
2019-05-29,JNJ,125.25
2019-05-30,JNJ,125.99
2019-05-31,JNJ,125.08
2019-06-03,JNJ,125.35
2019-06-04,JNJ,127.54
2019-06-05,JNJ,128.16
2019-06-06,JNJ,130.35
2019-06-07,JNJ,132.13
2019-06-10,JNJ,132.58
2019-06-11,JNJ,133.31
2019-06-12,JNJ,135.12
2019-06-13,JNJ,134.19
2019-06-14,JNJ,133.6
2019-06-17,JNJ,132.98
2019-06-18,JNJ,133.74
2019-06-19,JNJ,133.95
2019-06-20,JNJ,135.63
2019-06-21,JNJ,135.51
2019-06-24,JNJ,136.44
2019-06-25,JNJ,137.56
2019-06-26,JNJ,135.28
2019-06-27,JNJ,134.18
2019-06-28,JNJ,132.83
2019-07-01,JNJ,132.91
2019-07-02,JNJ,133.55
2019-07-03,JNJ,135.56
2019-07-05,JNJ,134.06
2019-07-08,JNJ,134.44
2019-07-09,JNJ,134.86
2019-07-10,JNJ,134.67
2019-07-11,JNJ,133.62
2019-07-12,JNJ,128.08
2019-07-15,JNJ,128.47
2019-07-16,JNJ,126.36
2019-07-17,JNJ,125.75
2019-07-18,JNJ,125.95
2019-07-19,JNJ,124.28
2019-07-22,JNJ,122.68
2019-07-23,JNJ,122.87
2019-07-24,JNJ,123.77
2019-07-25,JNJ,125.05
2019-07-26,JNJ,124.68
2019-07-29,JNJ,126.86
2019-07-30,JNJ,125.96
2019-07-31,JNJ,124.19
2019-08-01,JNJ,124.26
2019-08-02,JNJ,125.0
2019-08-05,JNJ,124.13
2019-08-06,JNJ,124.71
2019-08-07,JNJ,124.18
2019-08-08,JNJ,125.58
2019-08-09,JNJ,125.93
2019-08-12,JNJ,125.82
2019-08-13,JNJ,127.24
2019-08-14,JNJ,124.23
2019-08-15,JNJ,124.5
2019-08-16,JNJ,125.28
2019-08-19,JNJ,126.13
2019-08-20,JNJ,124.55
2019-08-21,JNJ,125.44
2019-08-22,JNJ,125.19
2019-08-23,JNJ,121.82
2019-08-26,JNJ,122.8
2019-08-27,JNJ,124.56
2019-08-28,JNJ,123.64
2019-08-29,JNJ,123.22
2019-08-30,JNJ,123.33
2019-09-03,JNJ,123.7
2019-09-04,JNJ,123.81
2019-09-05,JNJ,123.55
2019-09-06,JNJ,123.19
2019-09-09,JNJ,121.98
2019-09-10,JNJ,124.48
2019-09-11,JNJ,126.03
2019-09-12,JNJ,125.32
2019-09-13,JNJ,125.66
2019-09-16,JNJ,124.47
2019-09-17,JNJ,124.59
2019-09-18,JNJ,125.3
2019-09-19,JNJ,125.02
2019-09-20,JNJ,126.5
2019-09-23,JNJ,126.58
2019-09-24,JNJ,126.4
2019-09-25,JNJ,125.86
2019-09-26,JNJ,123.8
2019-09-27,JNJ,123.56
2019-09-30,JNJ,124.31
2019-10-01,JNJ,124.9
2019-10-02,JNJ,126.83
2019-10-03,JNJ,126.05
2019-10-04,JNJ,128.43
2019-10-07,JNJ,127.95
2019-10-08,JNJ,126.68
2019-10-09,JNJ,124.16
2019-10-10,JNJ,124.01
2019-10-11,JNJ,126.19
2019-10-14,JNJ,125.6
2019-10-15,JNJ,127.64
2019-10-16,JNJ,129.88
2019-10-17,JNJ,130.84
2019-10-18,JNJ,122.7
2019-10-21,JNJ,123.01
2019-10-22,JNJ,124.14
2019-10-23,JNJ,124.81
2019-10-24,JNJ,122.51
2019-10-25,JNJ,123.32
2019-10-28,JNJ,124.12
2019-10-29,JNJ,124.06
2019-10-30,JNJ,127.64
2019-10-31,JNJ,126.87
2019-11-01,JNJ,126.06
2019-11-04,JNJ,125.13
2019-11-05,JNJ,125.31
2019-11-06,JNJ,125.83
2019-11-07,JNJ,126.28
2019-11-08,JNJ,127.79
2019-11-11,JNJ,126.81
2019-11-12,JNJ,126.21
2019-11-13,JNJ,126.13
2019-11-14,JNJ,125.83
2019-11-15,JNJ,129.66
2019-11-18,JNJ,129.55
2019-11-19,JNJ,129.54
2019-11-20,JNJ,130.62
2019-11-21,JNJ,131.1
2019-11-22,JNJ,132.66
2019-11-25,JNJ,132.72
2019-11-26,JNJ,132.71
2019-11-27,JNJ,133.27
2019-11-29,JNJ,133.02
2019-12-02,JNJ,132.9
2019-12-03,JNJ,132.7
2019-12-04,JNJ,134.85
2019-12-05,JNJ,135.02
2019-12-06,JNJ,135.82
2019-12-09,JNJ,135.93
2019-12-10,JNJ,135.44
2019-12-11,JNJ,136.4
2019-12-12,JNJ,136.75
2019-12-13,JNJ,136.79
2019-12-16,JNJ,137.18
2019-12-17,JNJ,138.89
2019-12-18,JNJ,138.54
2019-12-19,JNJ,140.63
2019-12-20,JNJ,141.31
2019-12-23,JNJ,141.68
2019-12-24,JNJ,141.19
2019-12-26,JNJ,141.09
2019-12-27,JNJ,141.01
2019-12-30,JNJ,140.58
2019-12-31,JNJ,141.13
2020-01-02,JNJ,141.23
2020-01-03,JNJ,139.59
2020-01-06,JNJ,139.42
2020-01-07,JNJ,140.27
2020-01-08,JNJ,140.25
2020-01-09,JNJ,140.66
2020-01-10,JNJ,140.35
2020-01-13,JNJ,140.96
2020-01-14,JNJ,141.76
2020-01-15,JNJ,142.23
2020-01-16,JNJ,143.38
2020-01-17,JNJ,144.32
2020-01-21,JNJ,144.42
2020-01-22,JNJ,143.43
2020-01-23,JNJ,143.7
2020-01-24,JNJ,143.5
2020-01-27,JNJ,143.92
2020-01-28,JNJ,144.64
2020-01-29,JNJ,145.65
2020-01-30,JNJ,145.47
2020-01-31,JNJ,144.03
2020-02-03,JNJ,145.29
2020-02-04,JNJ,146.67
2020-02-05,JNJ,148.99
2020-02-06,JNJ,148.54
2020-02-07,JNJ,146.95
2020-02-10,JNJ,146.92
2020-02-11,JNJ,147.05
2020-02-12,JNJ,146.18
2020-02-13,JNJ,145.21
2020-02-14,JNJ,145.25
2020-02-18,JNJ,144.29
2020-02-19,JNJ,144.1
2020-02-20,JNJ,143.55
2020-02-21,JNJ,145.06
2020-02-24,JNJ,142.07
2020-02-25,JNJ,140.84
2020-02-26,JNJ,139.9
2020-02-27,JNJ,135.46
2020-02-28,JNJ,130.94
2020-03-02,JNJ,136.33
2020-03-03,JNJ,132.02
2020-03-04,JNJ,139.7
2020-03-05,JNJ,138.27
2020-03-06,JNJ,138.29
2020-03-09,JNJ,132.85
2020-03-10,JNJ,137.91
2020-03-11,JNJ,128.33
2020-03-12,JNJ,122.11
2020-03-13,JNJ,130.75
2020-03-16,JNJ,123.78
2020-03-17,JNJ,132.99
2020-03-18,JNJ,131.41
2020-03-19,JNJ,123.7
2020-03-20,JNJ,116.73
2020-03-23,JNJ,108.21
2020-03-24,JNJ,116.04
2020-03-25,JNJ,116.26
2020-03-26,JNJ,123.24
2020-03-27,JNJ,119.92
2020-03-30,JNJ,129.51
2020-03-31,JNJ,127.68
2020-04-01,JNJ,125.42
2020-04-02,JNJ,129.64
2020-04-03,JNJ,130.64
2020-04-06,JNJ,136.08
2020-04-07,JNJ,133.86
2020-04-08,JNJ,139.49
2020-04-09,JNJ,137.51
2020-04-13,JNJ,136.09
2020-04-14,JNJ,142.19
2020-04-15,JNJ,143.77
2020-04-16,JNJ,145.73
2020-04-17,JNJ,148.02
2020-04-20,JNJ,147.68
2020-04-21,JNJ,145.74
2020-04-22,JNJ,148.96
2020-04-23,JNJ,151.42
2020-04-24,JNJ,150.78
2020-04-27,JNJ,150.23
2020-04-28,JNJ,147.4
2020-04-29,JNJ,146.28
2020-04-30,JNJ,146.09
2020-05-01,JNJ,144.39
2020-05-04,JNJ,144.37
2020-05-05,JNJ,145.56
2020-05-06,JNJ,144.18
2020-05-07,JNJ,143.7
2020-05-08,JNJ,144.78
2020-05-11,JNJ,145.18
2020-05-12,JNJ,143.27
2020-05-13,JNJ,143.26
2020-05-14,JNJ,143.75
2020-05-15,JNJ,146.48
2020-05-18,JNJ,146.56
2020-05-19,JNJ,145.1
2020-05-20,JNJ,143.79
2020-05-21,JNJ,142.85
2020-05-22,JNJ,141.54
2020-05-26,JNJ,141.73
2020-05-27,JNJ,142.05
2020-05-28,JNJ,144.09
2020-05-29,JNJ,145.84
2020-06-01,JNJ,144.31
2020-06-02,JNJ,145.35
2020-06-03,JNJ,145.74
2020-06-04,JNJ,143.86
2020-06-05,JNJ,144.42
2020-06-08,JNJ,143.9
2020-06-09,JNJ,143.1
2020-06-10,JNJ,144.91
2020-06-11,JNJ,138.11
2020-06-12,JNJ,139.37
2020-06-15,JNJ,138.48
2020-06-16,JNJ,141.63
2020-06-17,JNJ,141.2
2020-06-18,JNJ,140.6
2020-06-19,JNJ,141.01
2020-06-22,JNJ,140.58
2020-06-23,JNJ,140.06
2020-06-24,JNJ,137.08
2020-06-25,JNJ,136.94
2020-06-26,JNJ,135.11
2020-06-29,JNJ,136.32
2020-06-30,JNJ,137.88
2020-07-01,JNJ,137.63
2020-07-02,JNJ,138.21
2020-07-06,JNJ,140.18
2020-07-07,JNJ,140.05
2020-07-08,JNJ,140.46
2020-07-09,JNJ,139.7
2020-07-10,JNJ,139.58
2020-07-13,JNJ,142.37
2020-07-14,JNJ,145.02
2020-07-15,JNJ,145.36
2020-07-16,JNJ,146.33
2020-07-17,JNJ,146.43
2020-07-20,JNJ,146.67
2020-07-21,JNJ,146.81
2020-07-22,JNJ,147.07
2020-07-23,JNJ,146.68
2020-07-24,JNJ,145.22
2020-07-27,JNJ,144.3
2020-07-28,JNJ,143.96
2020-07-29,JNJ,143.67
2020-07-30,JNJ,143.96
2020-07-31,JNJ,142.91
2020-08-03,JNJ,144.46
2020-08-04,JNJ,144.34
2020-08-05,JNJ,145.49
2020-08-06,JNJ,144.66
2020-08-07,JNJ,145.69
2020-08-10,JNJ,145.13
2020-08-11,JNJ,144.09
2020-08-12,JNJ,146.73
2020-08-13,JNJ,145.1
2020-08-14,JNJ,145.34
2020-08-17,JNJ,146.07
2020-08-18,JNJ,147.15
2020-08-19,JNJ,147.45
2020-08-20,JNJ,148.46
2020-08-21,JNJ,149.77
2020-08-24,JNJ,150.16
2020-08-25,JNJ,150.07
2020-08-26,JNJ,150.31
2020-08-27,JNJ,150.98
2020-08-28,JNJ,151.63
2020-08-31,JNJ,151.41
2020-09-01,JNJ,149.54
2020-09-02,JNJ,151.82
2020-09-03,JNJ,147.6
2020-09-04,JNJ,146.65
2020-09-08,JNJ,145.34
2020-09-09,JNJ,147.75
2020-09-10,JNJ,144.99
2020-09-11,JNJ,145.85
2020-09-14,JNJ,146.41
2020-09-15,JNJ,146.95
2020-09-16,JNJ,146.46
2020-09-17,JNJ,145.25
2020-09-18,JNJ,147.23
2020-09-21,JNJ,143.21
2020-09-22,JNJ,142.33
2020-09-23,JNJ,142.55
2020-09-24,JNJ,142.78
2020-09-25,JNJ,143.76
2020-09-28,JNJ,145.19
2020-09-29,JNJ,145.14
2020-09-30,JNJ,146.94
2020-10-01,JNJ,145.4
2020-10-02,JNJ,144.33
2020-10-05,JNJ,146.29
2020-10-06,JNJ,144.35
2020-10-07,JNJ,145.95
2020-10-08,JNJ,146.95
2020-10-09,JNJ,149.0
2020-10-12,JNJ,149.86
2020-10-13,JNJ,146.42
2020-10-14,JNJ,146.17
2020-10-15,JNJ,145.27
2020-10-16,JNJ,146.17
2020-10-19,JNJ,142.44
2020-10-20,JNJ,142.66
2020-10-21,JNJ,142.05
2020-10-22,JNJ,143.19
2020-10-23,JNJ,143.34
2020-10-26,JNJ,142.09
2020-10-27,JNJ,141.28
2020-10-28,JNJ,136.55
2020-10-29,JNJ,135.4
2020-10-30,JNJ,135.32
2020-11-02,JNJ,136.88
2020-11-03,JNJ,136.69
2020-11-04,JNJ,137.58
2020-11-05,JNJ,137.94
2020-11-06,JNJ,140.39
2020-11-09,JNJ,144.17
2020-11-10,JNJ,146.34
2020-11-11,JNJ,145.87
2020-11-12,JNJ,146.36
2020-11-13,JNJ,147.94
2020-11-16,JNJ,148.88
2020-11-17,JNJ,147.4
2020-11-18,JNJ,145.45
2020-11-19,JNJ,145.22
2020-11-20,JNJ,144.45
2020-11-23,JNJ,142.98
2020-11-24,JNJ,142.98
2020-11-25,JNJ,142.79
2020-11-27,JNJ,143.11
2020-11-30,JNJ,143.78
2020-12-01,JNJ,146.54
2020-12-02,JNJ,147.22
2020-12-03,JNJ,148.08
2020-12-04,JNJ,149.34
2020-12-07,JNJ,148.05
2020-12-08,JNJ,150.61
2020-12-09,JNJ,152.15
2020-12-10,JNJ,151.31
2020-12-11,JNJ,152.0
2020-12-14,JNJ,148.15
2020-12-15,JNJ,149.64
2020-12-16,JNJ,148.74
2020-12-17,JNJ,152.67
2020-12-18,JNJ,153.55
2020-12-21,JNJ,152.07
2020-12-22,JNJ,151.77
2020-12-23,JNJ,151.0
2020-12-24,JNJ,151.53
2020-12-28,JNJ,152.24
2020-12-29,JNJ,153.18
2020-12-30,JNJ,155.08
2020-12-31,JNJ,156.4
2021-01-04,JNJ,155.53
2021-01-05,JNJ,157.36
2021-01-06,JNJ,158.84
2021-01-07,JNJ,159.38
2021-01-08,JNJ,159.05
2021-01-11,JNJ,158.38
2021-01-12,JNJ,157.15
2021-01-13,JNJ,156.91
2021-01-14,JNJ,159.65
2021-01-15,JNJ,159.31
2021-01-19,JNJ,161.77
2021-01-20,JNJ,161.37
2021-01-21,JNJ,160.73
2021-01-22,JNJ,162.54
2021-01-25,JNJ,164.95
2021-01-26,JNJ,169.42
2021-01-27,JNJ,166.84
2021-01-28,JNJ,168.11
2021-01-29,JNJ,162.12
2021-02-01,JNJ,161.7
2021-02-02,JNJ,160.25
2021-02-03,JNJ,159.51
2021-02-04,JNJ,160.99
2021-02-05,JNJ,163.43
2021-02-08,JNJ,163.9
2021-02-09,JNJ,165.24
2021-02-10,JNJ,165.78
2021-02-11,JNJ,165.03
2021-02-12,JNJ,165.55
2021-02-16,JNJ,164.05
2021-02-17,JNJ,164.63
2021-02-18,JNJ,164.71
2021-02-19,JNJ,161.97
2021-02-22,JNJ,161.87
2021-02-23,JNJ,160.44
2021-02-24,JNJ,162.59
2021-02-25,JNJ,162.76
2021-02-26,JNJ,158.46
2021-03-01,JNJ,159.32
2021-03-02,JNJ,159.02
2021-03-03,JNJ,156.22
2021-03-04,JNJ,153.07
2021-03-05,JNJ,156.1
2021-03-08,JNJ,157.4
2021-03-09,JNJ,157.7
2021-03-10,JNJ,159.15
2021-03-11,JNJ,159.14
2021-03-12,JNJ,159.6
2021-03-15,JNJ,160.42
2021-03-16,JNJ,161.37
2021-03-17,JNJ,160.77
2021-03-18,JNJ,160.47
2021-03-19,JNJ,160.04
2021-03-22,JNJ,160.5
2021-03-23,JNJ,160.35
2021-03-24,JNJ,161.91
2021-03-25,JNJ,161.97
2021-03-26,JNJ,164.93
2021-03-29,JNJ,166.04
2021-03-30,JNJ,165.01
2021-03-31,JNJ,164.35
2021-04-01,JNJ,162.83
2021-04-05,JNJ,163.43
2021-04-06,JNJ,163.39
2021-04-07,JNJ,163.61
2021-04-08,JNJ,162.97
2021-04-09,JNJ,161.25
2021-04-12,JNJ,161.64
2021-04-13,JNJ,158.23
2019-04-15,NVAX,11.0
2019-04-16,NVAX,11.0
2019-04-17,NVAX,10.6
2019-04-18,NVAX,10.4
2019-04-22,NVAX,10.6
2019-04-23,NVAX,10.4
2019-04-24,NVAX,10.2
2019-04-25,NVAX,10.0
2019-04-26,NVAX,9.8
2019-04-29,NVAX,10.6
2019-04-30,NVAX,10.6
2019-05-01,NVAX,10.2
2019-05-02,NVAX,10.6
2019-05-03,NVAX,9.4
2019-05-06,NVAX,9.2
2019-05-07,NVAX,8.0
2019-05-08,NVAX,8.0
2019-05-09,NVAX,7.2
2019-05-10,NVAX,6.57
2019-05-13,NVAX,5.76
2019-05-14,NVAX,7.13
2019-05-15,NVAX,6.69
2019-05-16,NVAX,6.43
2019-05-17,NVAX,5.9
2019-05-20,NVAX,6.04
2019-05-21,NVAX,6.25
2019-05-22,NVAX,6.05
2019-05-23,NVAX,6.12
2019-05-24,NVAX,6.12
2019-05-28,NVAX,5.9
2019-05-29,NVAX,5.79
2019-05-30,NVAX,5.73
2019-05-31,NVAX,5.68
2019-06-03,NVAX,5.98
2019-06-04,NVAX,6.31
2019-06-05,NVAX,6.12
2019-06-06,NVAX,5.92
2019-06-07,NVAX,6.12
2019-06-10,NVAX,5.37
2019-06-11,NVAX,5.1
2019-06-12,NVAX,4.93
2019-06-13,NVAX,5.2
2019-06-14,NVAX,4.98
2019-06-17,NVAX,5.1
2019-06-18,NVAX,5.1
2019-06-19,NVAX,5.14
2019-06-20,NVAX,5.35
2019-06-21,NVAX,5.63
2019-06-24,NVAX,5.41
2019-06-25,NVAX,5.62
2019-06-26,NVAX,5.54
2019-06-27,NVAX,6.16
2019-06-28,NVAX,5.86
2019-07-01,NVAX,5.68
2019-07-02,NVAX,5.67
2019-07-03,NVAX,5.08
2019-07-05,NVAX,5.13
2019-07-08,NVAX,4.97
2019-07-09,NVAX,5.12
2019-07-10,NVAX,5.13
2019-07-11,NVAX,5.02
2019-07-12,NVAX,4.9
2019-07-15,NVAX,4.72
2019-07-16,NVAX,4.65
2019-07-17,NVAX,4.54
2019-07-18,NVAX,4.64
2019-07-19,NVAX,4.61
2019-07-22,NVAX,4.6
2019-07-23,NVAX,4.53
2019-07-24,NVAX,4.63
2019-07-25,NVAX,4.38
2019-07-26,NVAX,4.25
2019-07-29,NVAX,4.16
2019-07-30,NVAX,4.35
2019-07-31,NVAX,4.31
2019-08-01,NVAX,4.54
2019-08-02,NVAX,4.34
2019-08-05,NVAX,4.35
2019-08-06,NVAX,4.76
2019-08-07,NVAX,4.62
2019-08-08,NVAX,4.37
2019-08-09,NVAX,4.15
2019-08-12,NVAX,4.02
2019-08-13,NVAX,4.3
2019-08-14,NVAX,6.04
2019-08-15,NVAX,6.62
2019-08-16,NVAX,7.84
2019-08-19,NVAX,7.29
2019-08-20,NVAX,6.67
2019-08-21,NVAX,6.83
2019-08-22,NVAX,6.63
2019-08-23,NVAX,6.24
2019-08-26,NVAX,6.31
2019-08-27,NVAX,6.3
2019-08-28,NVAX,6.22
2019-08-29,NVAX,6.2
2019-08-30,NVAX,5.97
2019-09-03,NVAX,5.73
2019-09-04,NVAX,5.54
2019-09-05,NVAX,5.3
2019-09-06,NVAX,5.5
2019-09-09,NVAX,5.44
2019-09-10,NVAX,5.38
2019-09-11,NVAX,5.74
2019-09-12,NVAX,5.71
2019-09-13,NVAX,6.32
2019-09-16,NVAX,7.57
2019-09-17,NVAX,6.75
2019-09-18,NVAX,6.74
2019-09-19,NVAX,6.75
2019-09-20,NVAX,6.55
2019-09-23,NVAX,6.34
2019-09-24,NVAX,6.34
2019-09-25,NVAX,6.29
2019-09-26,NVAX,5.95
2019-09-27,NVAX,5.64
2019-09-30,NVAX,5.02
2019-10-01,NVAX,5.01
2019-10-02,NVAX,5.11
2019-10-03,NVAX,5.05
2019-10-04,NVAX,5.0
2019-10-07,NVAX,5.01
2019-10-08,NVAX,4.74
2019-10-09,NVAX,4.5
2019-10-10,NVAX,4.48
2019-10-11,NVAX,4.56
2019-10-14,NVAX,4.69
2019-10-15,NVAX,4.83
2019-10-16,NVAX,4.74
2019-10-17,NVAX,4.63
2019-10-18,NVAX,4.49
2019-10-21,NVAX,4.41
2019-10-22,NVAX,4.34
2019-10-23,NVAX,4.3
2019-10-24,NVAX,4.27
2019-10-25,NVAX,4.47
2019-10-28,NVAX,4.64
2019-10-29,NVAX,4.5
2019-10-30,NVAX,4.42
2019-10-31,NVAX,4.17
2019-11-01,NVAX,4.31
2019-11-04,NVAX,4.62
2019-11-05,NVAX,4.46
2019-11-06,NVAX,4.42
2019-11-07,NVAX,4.5
2019-11-08,NVAX,4.59
2019-11-11,NVAX,4.35
2019-11-12,NVAX,4.14
2019-11-13,NVAX,4.19
2019-11-14,NVAX,4.22
2019-11-15,NVAX,4.11
2019-11-18,NVAX,3.83
2019-11-19,NVAX,3.75
2019-11-20,NVAX,3.69
2019-11-21,NVAX,3.81
2019-11-22,NVAX,3.76
2019-11-25,NVAX,3.78
2019-11-26,NVAX,3.75
2019-11-27,NVAX,3.94
2019-11-29,NVAX,4.85
2019-12-02,NVAX,5.22
2019-12-03,NVAX,4.77
2019-12-04,NVAX,4.88
2019-12-05,NVAX,4.55
2019-12-06,NVAX,4.35
2019-12-09,NVAX,4.16
2019-12-10,NVAX,4.17
2019-12-11,NVAX,4.09
2019-12-12,NVAX,3.99
2019-12-13,NVAX,4.03
2019-12-16,NVAX,4.0
2019-12-17,NVAX,3.99
2019-12-18,NVAX,3.96
2019-12-19,NVAX,4.01
2019-12-20,NVAX,4.01
2019-12-23,NVAX,4.0
2019-12-24,NVAX,4.0
2019-12-26,NVAX,4.0
2019-12-27,NVAX,3.99
2019-12-30,NVAX,4.0
2019-12-31,NVAX,3.98
2020-01-02,NVAX,4.49
2020-01-03,NVAX,4.44
2020-01-06,NVAX,4.58
2020-01-07,NVAX,4.57
2020-01-08,NVAX,4.28
2020-01-09,NVAX,4.01
2020-01-10,NVAX,3.93
2020-01-13,NVAX,3.95
2020-01-14,NVAX,3.99
2020-01-15,NVAX,4.38
2020-01-16,NVAX,4.78
2020-01-17,NVAX,5.74
2020-01-21,NVAX,9.82
2020-01-22,NVAX,7.09
2020-01-23,NVAX,7.66
2020-01-24,NVAX,7.8
2020-01-27,NVAX,8.5
2020-01-28,NVAX,7.17
2020-01-29,NVAX,6.84
2020-01-30,NVAX,7.0
2020-01-31,NVAX,7.62
2020-02-03,NVAX,6.81
2020-02-04,NVAX,7.01
2020-02-05,NVAX,6.97
2020-02-06,NVAX,6.84
2020-02-07,NVAX,6.31
2020-02-10,NVAX,7.02
2020-02-11,NVAX,7.21
2020-02-12,NVAX,7.31
2020-02-13,NVAX,7.79
2020-02-14,NVAX,7.68
2020-02-18,NVAX,7.99
2020-02-19,NVAX,7.95
2020-02-20,NVAX,7.94
2020-02-21,NVAX,7.72
2020-02-24,NVAX,8.16
2020-02-25,NVAX,7.95
2020-02-26,NVAX,9.22
2020-02-27,NVAX,11.8
2020-02-28,NVAX,16.0
2020-03-02,NVAX,12.02
2020-03-03,NVAX,10.78
2020-03-04,NVAX,11.32
2020-03-05,NVAX,12.87
2020-03-06,NVAX,12.48
2020-03-09,NVAX,10.02
2020-03-10,NVAX,10.65
2020-03-11,NVAX,10.51
2020-03-12,NVAX,9.29
2020-03-13,NVAX,8.41
2020-03-16,NVAX,6.91
2020-03-17,NVAX,9.5
2020-03-18,NVAX,10.65
2020-03-19,NVAX,11.58
2020-03-20,NVAX,10.35
2020-03-23,NVAX,10.76
2020-03-24,NVAX,12.77
2020-03-25,NVAX,11.75
2020-03-26,NVAX,12.74
2020-03-27,NVAX,13.05
2020-03-30,NVAX,14.3
2020-03-31,NVAX,13.58
2020-04-01,NVAX,14.03
2020-04-02,NVAX,13.86
2020-04-03,NVAX,15.61
2020-04-06,NVAX,16.1
2020-04-07,NVAX,14.9
2020-04-08,NVAX,17.18
2020-04-09,NVAX,17.05
2020-04-13,NVAX,17.64
2020-04-14,NVAX,18.0
2020-04-15,NVAX,17.53
2020-04-16,NVAX,18.1
2020-04-17,NVAX,19.08
2020-04-20,NVAX,23.8
2020-04-21,NVAX,21.53
2020-04-22,NVAX,21.37
2020-04-23,NVAX,20.38
2020-04-24,NVAX,19.83
2020-04-27,NVAX,21.01
2020-04-28,NVAX,20.55
2020-04-29,NVAX,18.41
2020-04-30,NVAX,18.13
2020-05-01,NVAX,17.33
2020-05-04,NVAX,18.06
2020-05-05,NVAX,17.78
2020-05-06,NVAX,17.14
2020-05-07,NVAX,18.15
2020-05-08,NVAX,18.73
2020-05-11,NVAX,24.5
2020-05-12,NVAX,39.82
2020-05-13,NVAX,40.67
2020-05-14,NVAX,38.3
2020-05-15,NVAX,43.63
2020-05-18,NVAX,56.96
2020-05-19,NVAX,53.9
2020-05-20,NVAX,52.81
2020-05-21,NVAX,50.07
2020-05-22,NVAX,46.11
2020-05-26,NVAX,48.17
2020-05-27,NVAX,45.47
2020-05-28,NVAX,44.84
2020-05-29,NVAX,46.04
2020-06-01,NVAX,52.82
2020-06-02,NVAX,49.64
2020-06-03,NVAX,44.25
2020-06-04,NVAX,44.66
2020-06-05,NVAX,46.3
2020-06-08,NVAX,44.79
2020-06-09,NVAX,45.93
2020-06-10,NVAX,44.96
2020-06-11,NVAX,44.43
2020-06-12,NVAX,45.57
2020-06-15,NVAX,51.07
2020-06-16,NVAX,52.15
2020-06-17,NVAX,55.41
2020-06-18,NVAX,59.27
2020-06-19,NVAX,64.75
2020-06-22,NVAX,65.95
2020-06-23,NVAX,69.66
2020-06-24,NVAX,77.5
2020-06-25,NVAX,83.54
2020-06-26,NVAX,77.39
2020-06-29,NVAX,83.61
2020-06-30,NVAX,83.35
2020-07-01,NVAX,79.7
2020-07-02,NVAX,81.64
2020-07-06,NVAX,79.44
2020-07-07,NVAX,104.56
2020-07-08,NVAX,98.3
2020-07-09,NVAX,96.3
2020-07-10,NVAX,94.36
2020-07-13,NVAX,104.32
2020-07-14,NVAX,109.97
2020-07-15,NVAX,111.15
2020-07-16,NVAX,120.29
2020-07-17,NVAX,140.49
2020-07-20,NVAX,138.23
2020-07-21,NVAX,140.69
2020-07-22,NVAX,146.45
2020-07-23,NVAX,139.59
2020-07-24,NVAX,133.93
2020-07-27,NVAX,139.6
2020-07-28,NVAX,148.6
2020-07-29,NVAX,145.36
2020-07-30,NVAX,146.62
2020-07-31,NVAX,143.1
2020-08-03,NVAX,155.87
2020-08-04,NVAX,157.17
2020-08-05,NVAX,173.49
2020-08-06,NVAX,167.5
2020-08-07,NVAX,170.29
2020-08-10,NVAX,178.51
2020-08-11,NVAX,149.48
2020-08-12,NVAX,124.42
2020-08-13,NVAX,133.28
2020-08-14,NVAX,146.51
2020-08-17,NVAX,155.53
2020-08-18,NVAX,146.23
2020-08-19,NVAX,147.06
2020-08-20,NVAX,143.13
2020-08-21,NVAX,137.62
2020-08-24,NVAX,119.26
2020-08-25,NVAX,113.11
2020-08-26,NVAX,114.62
2020-08-27,NVAX,107.35
2020-08-28,NVAX,107.74
2020-08-31,NVAX,110.34
2020-09-01,NVAX,105.08
2020-09-02,NVAX,102.9
2020-09-03,NVAX,102.98
2020-09-04,NVAX,92.93
2020-09-08,NVAX,85.31
2020-09-09,NVAX,90.84
2020-09-10,NVAX,92.86
2020-09-11,NVAX,95.45
2020-09-14,NVAX,105.8
2020-09-15,NVAX,110.34
2020-09-16,NVAX,120.13
2020-09-17,NVAX,115.51
2020-09-18,NVAX,108.36
2020-09-21,NVAX,110.15
2020-09-22,NVAX,111.63
2020-09-23,NVAX,101.57
2020-09-24,NVAX,102.44
2020-09-25,NVAX,113.56
2020-09-28,NVAX,111.18
2020-09-29,NVAX,107.95
2020-09-30,NVAX,108.35
2020-10-01,NVAX,104.9
2020-10-02,NVAX,103.6
2020-10-05,NVAX,110.17
2020-10-06,NVAX,107.41
2020-10-07,NVAX,110.0
2020-10-08,NVAX,111.02
2020-10-09,NVAX,111.22
2020-10-12,NVAX,110.22
2020-10-13,NVAX,117.28
2020-10-14,NVAX,111.76
2020-10-15,NVAX,111.42
2020-10-16,NVAX,107.04
2020-10-19,NVAX,102.05
2020-10-20,NVAX,98.36
2020-10-21,NVAX,91.16
2020-10-22,NVAX,93.59
2020-10-23,NVAX,93.13
2020-10-26,NVAX,87.38
2020-10-27,NVAX,89.59
2020-10-28,NVAX,81.33
2020-10-29,NVAX,87.63
2020-10-30,NVAX,80.71
2020-11-02,NVAX,82.4
2020-11-03,NVAX,83.64
2020-11-04,NVAX,87.27
2020-11-05,NVAX,93.11
2020-11-06,NVAX,89.86
2020-11-09,NVAX,90.31
2020-11-10,NVAX,78.74
2020-11-11,NVAX,85.01
2020-11-12,NVAX,90.87
2020-11-13,NVAX,96.6
2020-11-16,NVAX,90.65
2020-11-17,NVAX,92.89
2020-11-18,NVAX,89.91
2020-11-19,NVAX,86.4
2020-11-20,NVAX,86.55
2020-11-23,NVAX,93.98
2020-11-24,NVAX,95.33
2020-11-25,NVAX,102.6
2020-11-27,NVAX,125.69
2020-11-30,NVAX,139.5
2020-12-01,NVAX,123.47
2020-12-02,NVAX,125.48
2020-12-03,NVAX,129.16
2020-12-04,NVAX,126.25
2020-12-07,NVAX,123.12
2020-12-08,NVAX,120.12
2020-12-09,NVAX,115.22
2020-12-10,NVAX,115.09
2020-12-11,NVAX,124.88
2020-12-14,NVAX,129.7
2020-12-15,NVAX,126.22
2020-12-16,NVAX,120.88
2020-12-17,NVAX,131.75
2020-12-18,NVAX,124.85
2020-12-21,NVAX,124.06
2020-12-22,NVAX,115.37
2020-12-23,NVAX,127.65
2020-12-24,NVAX,129.34
2020-12-28,NVAX,116.85
2020-12-29,NVAX,120.27
2020-12-30,NVAX,118.96
2020-12-31,NVAX,111.51
2021-01-04,NVAX,112.98
2021-01-05,NVAX,116.24
2021-01-06,NVAX,123.74
2021-01-07,NVAX,128.18
2021-01-08,NVAX,121.86
2021-01-11,NVAX,116.48
2021-01-12,NVAX,124.14
2021-01-13,NVAX,126.21
2021-01-14,NVAX,129.98
2021-01-15,NVAX,127.43
2021-01-19,NVAX,128.0
2021-01-20,NVAX,125.05
2021-01-21,NVAX,122.4
2021-01-22,NVAX,126.98
2021-01-25,NVAX,131.46
2021-01-26,NVAX,127.16
2021-01-27,NVAX,131.18
2021-01-28,NVAX,134.01
2021-01-29,NVAX,220.94
2021-02-01,NVAX,268.3
2021-02-02,NVAX,264.41
2021-02-03,NVAX,284.21
2021-02-04,NVAX,280.92
2021-02-05,NVAX,290.18
2021-02-08,NVAX,319.93
2021-02-09,NVAX,315.87
2021-02-10,NVAX,298.36
2021-02-11,NVAX,298.26
2021-02-12,NVAX,289.76
2021-02-16,NVAX,262.7
2021-02-17,NVAX,273.98
2021-02-18,NVAX,265.29
2021-02-19,NVAX,277.88
2021-02-22,NVAX,245.09
2021-02-23,NVAX,243.23
2021-02-24,NVAX,239.94
2021-02-25,NVAX,221.5
2021-02-26,NVAX,231.23
2021-03-01,NVAX,240.29
2021-03-02,NVAX,205.99
2021-03-03,NVAX,183.61
2021-03-04,NVAX,158.1
2021-03-05,NVAX,174.84
2021-03-08,NVAX,157.87
2021-03-09,NVAX,169.9
2021-03-10,NVAX,172.5
2021-03-11,NVAX,187.63
2021-03-12,NVAX,202.77
2021-03-15,NVAX,217.46
2021-03-16,NVAX,222.23
2021-03-17,NVAX,225.46
2021-03-18,NVAX,217.26
2021-03-19,NVAX,228.25
2021-03-22,NVAX,237.2
2021-03-23,NVAX,219.84
2021-03-24,NVAX,200.24
2021-03-25,NVAX,178.23
2021-03-26,NVAX,182.12
2021-03-29,NVAX,173.75
2021-03-30,NVAX,173.32
2021-03-31,NVAX,181.31
2021-04-01,NVAX,185.82
2021-04-05,NVAX,177.29
2021-04-06,NVAX,178.76
2021-04-07,NVAX,171.77
2021-04-08,NVAX,176.27
2021-04-09,NVAX,179.74
2021-04-12,NVAX,175.65
2021-04-13,NVAX,195.7
2019-04-15,NVS,75.11
2019-04-16,NVS,73.61
2019-04-17,NVS,71.72
2019-04-18,NVS,70.89
2019-04-22,NVS,69.95
2019-04-23,NVS,70.42
2019-04-24,NVS,72.2
2019-04-25,NVS,74.78
2019-04-26,NVS,75.42
2019-04-29,NVS,75.27
2019-04-30,NVS,76.29
2019-05-01,NVS,75.99
2019-05-02,NVS,76.01
2019-05-03,NVS,76.64
2019-05-06,NVS,76.79
2019-05-07,NVS,75.21
2019-05-08,NVS,75.96
2019-05-09,NVS,75.13
2019-05-10,NVS,75.96
2019-05-13,NVS,74.69
2019-05-14,NVS,74.9
2019-05-15,NVS,75.66
2019-05-16,NVS,76.49
2019-05-17,NVS,76.73
2019-05-20,NVS,76.09
2019-05-21,NVS,76.44
2019-05-22,NVS,77.85
2019-05-23,NVS,78.34
2019-05-24,NVS,81.2
2019-05-28,NVS,80.64
2019-05-29,NVS,79.61
2019-05-30,NVS,79.6
2019-05-31,NVS,79.45
2019-06-03,NVS,81.33
2019-06-04,NVS,81.1
2019-06-05,NVS,81.22
2019-06-06,NVS,81.33
2019-06-07,NVS,81.7
2019-06-10,NVS,81.85
2019-06-11,NVS,81.74
2019-06-12,NVS,82.55
2019-06-13,NVS,83.12
2019-06-14,NVS,83.05
2019-06-17,NVS,83.28
2019-06-18,NVS,84.7
2019-06-19,NVS,85.27
2019-06-20,NVS,85.7
2019-06-21,NVS,85.81
2019-06-24,NVS,86.1
2019-06-25,NVS,85.7
2019-06-26,NVS,84.61
2019-06-27,NVS,84.37
2019-06-28,NVS,84.71
2019-07-01,NVS,85.22
2019-07-02,NVS,85.45
2019-07-03,NVS,85.82
2019-07-05,NVS,83.91
2019-07-08,NVS,84.18
2019-07-09,NVS,84.48
2019-07-10,NVS,84.79
2019-07-11,NVS,83.81
2019-07-12,NVS,81.82
2019-07-15,NVS,82.82
2019-07-16,NVS,82.72
2019-07-17,NVS,83.71
2019-07-18,NVS,87.45
2019-07-19,NVS,86.8
2019-07-22,NVS,87.25
2019-07-23,NVS,86.91
2019-07-24,NVS,86.58
2019-07-25,NVS,85.34
2019-07-26,NVS,86.46
2019-07-29,NVS,85.47
2019-07-30,NVS,85.02
2019-07-31,NVS,84.96
2019-08-01,NVS,85.64
2019-08-02,NVS,85.52
2019-08-05,NVS,84.17
2019-08-06,NVS,81.85
2019-08-07,NVS,82.38
2019-08-08,NVS,84.64
2019-08-09,NVS,84.26
2019-08-12,NVS,84.52
2019-08-13,NVS,84.54
2019-08-14,NVS,82.58
2019-08-15,NVS,82.18
2019-08-16,NVS,83.01
2019-08-19,NVS,83.02
2019-08-20,NVS,82.64
2019-08-21,NVS,83.61
2019-08-22,NVS,82.57
2019-08-23,NVS,82.05
2019-08-26,NVS,82.12
2019-08-27,NVS,82.91
2019-08-28,NVS,82.55
2019-08-29,NVS,82.58
2019-08-30,NVS,83.6
2019-09-03,NVS,83.39
2019-09-04,NVS,82.76
2019-09-05,NVS,83.06
2019-09-06,NVS,83.23
2019-09-09,NVS,83.15
2019-09-10,NVS,82.14
2019-09-11,NVS,82.46
2019-09-12,NVS,83.02
2019-09-13,NVS,80.71
2019-09-16,NVS,79.92
2019-09-17,NVS,80.28
2019-09-18,NVS,80.05
2019-09-19,NVS,80.11
2019-09-20,NVS,80.78
2019-09-23,NVS,80.35
2019-09-24,NVS,80.2
2019-09-25,NVS,79.36
2019-09-26,NVS,80.6
2019-09-27,NVS,81.09
2019-09-30,NVS,80.62
2019-10-01,NVS,79.82
2019-10-02,NVS,78.26
2019-10-03,NVS,79.04
2019-10-04,NVS,79.73
2019-10-07,NVS,79.99
2019-10-08,NVS,79.16
2019-10-09,NVS,79.5
2019-10-10,NVS,79.72
2019-10-11,NVS,80.34
2019-10-14,NVS,79.72
2019-10-15,NVS,80.44
2019-10-16,NVS,80.71
2019-10-17,NVS,80.93
2019-10-18,NVS,80.6
2019-10-21,NVS,80.31
2019-10-22,NVS,80.69
2019-10-23,NVS,80.37
2019-10-24,NVS,80.94
2019-10-25,NVS,81.0
2019-10-28,NVS,80.64
2019-10-29,NVS,82.0
2019-10-30,NVS,81.28
2019-10-31,NVS,81.12
2019-11-01,NVS,81.3
2019-11-04,NVS,81.58
2019-11-05,NVS,80.61
2019-11-06,NVS,81.14
2019-11-07,NVS,80.71
2019-11-08,NVS,81.99
2019-11-11,NVS,82.23
2019-11-12,NVS,82.84
2019-11-13,NVS,83.37
2019-11-14,NVS,83.04
2019-11-15,NVS,83.53
2019-11-18,NVS,83.8
2019-11-19,NVS,83.87
2019-11-20,NVS,83.99
2019-11-21,NVS,83.99
2019-11-22,NVS,83.94
2019-11-25,NVS,84.7
2019-11-26,NVS,85.46
2019-11-27,NVS,85.53
2019-11-29,NVS,85.63
2019-12-02,NVS,84.82
2019-12-03,NVS,84.44
2019-12-04,NVS,84.95
2019-12-05,NVS,85.02
2019-12-06,NVS,85.42
2019-12-09,NVS,85.85
2019-12-10,NVS,86.1
2019-12-11,NVS,86.32
2019-12-12,NVS,86.34
2019-12-13,NVS,86.27
2019-12-16,NVS,86.35
2019-12-17,NVS,86.85
2019-12-18,NVS,86.51
2019-12-19,NVS,87.46
2019-12-20,NVS,87.48
2019-12-23,NVS,88.02
2019-12-24,NVS,87.97
2019-12-26,NVS,87.96
2019-12-27,NVS,88.48
2019-12-30,NVS,87.72
2019-12-31,NVS,87.85
2020-01-02,NVS,88.09
2020-01-03,NVS,87.94
2020-01-06,NVS,88.54
2020-01-07,NVS,87.65
2020-01-08,NVS,87.65
2020-01-09,NVS,87.92
2020-01-10,NVS,87.08
2020-01-13,NVS,86.94
2020-01-14,NVS,87.56
2020-01-15,NVS,87.77
2020-01-16,NVS,88.23
2020-01-17,NVS,89.0
2020-01-21,NVS,88.31
2020-01-22,NVS,88.33
2020-01-23,NVS,88.06
2020-01-24,NVS,87.09
2020-01-27,NVS,86.93
2020-01-28,NVS,88.64
2020-01-29,NVS,88.82
2020-01-30,NVS,88.99
2020-01-31,NVS,87.68
2020-02-03,NVS,87.44
2020-02-04,NVS,88.23
2020-02-05,NVS,89.41
2020-02-06,NVS,89.96
2020-02-07,NVS,88.91
2020-02-10,NVS,90.38
2020-02-11,NVS,91.13
2020-02-12,NVS,91.86
2020-02-13,NVS,90.71
2020-02-14,NVS,90.58
2020-02-18,NVS,90.18
2020-02-19,NVS,90.2
2020-02-20,NVS,89.33
2020-02-21,NVS,89.77
2020-02-24,NVS,83.57
2020-02-25,NVS,81.6
2020-02-26,NVS,80.82
2020-02-27,NVS,79.81
2020-02-28,NVS,77.89
2020-03-02,NVS,80.59
2020-03-03,NVS,80.39
2020-03-04,NVS,84.27
2020-03-05,NVS,82.5
2020-03-06,NVS,82.41
2020-03-09,NVS,78.32
2020-03-10,NVS,81.67
2020-03-11,NVS,78.97
2020-03-12,NVS,71.21
2020-03-13,NVS,76.54
2020-03-16,NVS,70.32
2020-03-17,NVS,73.98
2020-03-18,NVS,72.07
2020-03-19,NVS,72.64
2020-03-20,NVS,69.63
2020-03-23,NVS,67.94
2020-03-24,NVS,70.72
2020-03-25,NVS,73.92
2020-03-26,NVS,76.66
2020-03-27,NVS,76.22
2020-03-30,NVS,78.74
2020-03-31,NVS,79.27
2020-04-01,NVS,77.81
2020-04-02,NVS,80.37
2020-04-03,NVS,80.41
2020-04-06,NVS,82.42
2020-04-07,NVS,80.75
2020-04-08,NVS,82.32
2020-04-09,NVS,81.58
2020-04-13,NVS,80.95
2020-04-14,NVS,82.89
2020-04-15,NVS,82.31
2020-04-16,NVS,84.16
2020-04-17,NVS,85.85
2020-04-20,NVS,86.32
2020-04-21,NVS,84.86
2020-04-22,NVS,84.89
2020-04-23,NVS,84.7
2020-04-24,NVS,85.61
2020-04-27,NVS,86.13
2020-04-28,NVS,84.64
2020-04-29,NVS,82.4
2020-04-30,NVS,81.46
2020-05-01,NVS,80.19
2020-05-04,NVS,80.76
2020-05-05,NVS,81.48
2020-05-06,NVS,82.06
2020-05-07,NVS,81.4
2020-05-08,NVS,81.65
2020-05-11,NVS,83.25
2020-05-12,NVS,81.86
2020-05-13,NVS,81.91
2020-05-14,NVS,80.79
2020-05-15,NVS,80.78
2020-05-18,NVS,81.58
2020-05-19,NVS,81.94
2020-05-20,NVS,82.63
2020-05-21,NVS,81.71
2020-05-22,NVS,81.63
2020-05-26,NVS,81.77
2020-05-27,NVS,81.19
2020-05-28,NVS,82.95
2020-05-29,NVS,84.06
2020-06-01,NVS,83.34
2020-06-02,NVS,83.12
2020-06-03,NVS,82.39
2020-06-04,NVS,81.84
2020-06-05,NVS,82.58
2020-06-08,NVS,82.36
2020-06-09,NVS,85.02
2020-06-10,NVS,84.61
2020-06-11,NVS,81.14
2020-06-12,NVS,81.1
2020-06-15,NVS,81.87
2020-06-16,NVS,83.41
2020-06-17,NVS,86.04
2020-06-18,NVS,86.2
2020-06-19,NVS,87.59
2020-06-22,NVS,87.12
2020-06-23,NVS,86.97
2020-06-24,NVS,85.37
2020-06-25,NVS,86.14
2020-06-26,NVS,83.74
2020-06-29,NVS,83.96
2020-06-30,NVS,83.97
2020-07-01,NVS,84.46
2020-07-02,NVS,84.19
2020-07-06,NVS,85.05
2020-07-07,NVS,84.41
2020-07-08,NVS,84.72
2020-07-09,NVS,83.97
2020-07-10,NVS,83.65
2020-07-13,NVS,82.76
2020-07-14,NVS,84.1
2020-07-15,NVS,84.48
2020-07-16,NVS,84.02
2020-07-17,NVS,84.77
2020-07-20,NVS,84.61
2020-07-21,NVS,82.7
2020-07-22,NVS,83.16
2020-07-23,NVS,81.62
2020-07-24,NVS,80.97
2020-07-27,NVS,81.44
2020-07-28,NVS,80.77
2020-07-29,NVS,81.15
2020-07-30,NVS,80.98
2020-07-31,NVS,78.97
2020-08-03,NVS,80.42
2020-08-04,NVS,80.9
2020-08-05,NVS,80.2
2020-08-06,NVS,80.19
2020-08-07,NVS,79.71
2020-08-10,NVS,79.21
2020-08-11,NVS,79.25
2020-08-12,NVS,81.65
2020-08-13,NVS,82.08
2020-08-14,NVS,81.38
2020-08-17,NVS,82.77
2020-08-18,NVS,82.33
2020-08-19,NVS,82.17
2020-08-20,NVS,83.78
2020-08-21,NVS,83.07
2020-08-24,NVS,83.05
2020-08-25,NVS,83.11
2020-08-26,NVS,83.67
2020-08-27,NVS,83.64
2020-08-28,NVS,83.26
2020-08-31,NVS,82.74
2020-09-01,NVS,83.52
2020-09-02,NVS,85.43
2020-09-03,NVS,83.74
2020-09-04,NVS,83.34
2020-09-08,NVS,83.96
2020-09-09,NVS,84.82
2020-09-10,NVS,85.1
2020-09-11,NVS,86.41
2020-09-14,NVS,86.56
2020-09-15,NVS,87.49
2020-09-16,NVS,86.38
2020-09-17,NVS,87.46
2020-09-18,NVS,87.43
2020-09-21,NVS,86.05
2020-09-22,NVS,85.49
2020-09-23,NVS,84.08
2020-09-24,NVS,82.97
2020-09-25,NVS,83.75
2020-09-28,NVS,83.69
2020-09-29,NVS,83.68
2020-09-30,NVS,83.61
2020-10-01,NVS,83.93
2020-10-02,NVS,84.14
2020-10-05,NVS,84.86
2020-10-06,NVS,83.11
2020-10-07,NVS,82.62
2020-10-08,NVS,84.16
2020-10-09,NVS,84.98
2020-10-12,NVS,84.83
2020-10-13,NVS,84.06
2020-10-14,NVS,84.06
2020-10-15,NVS,82.1
2020-10-16,NVS,82.86
2020-10-19,NVS,82.48
2020-10-20,NVS,82.38
2020-10-21,NVS,80.89
2020-10-22,NVS,81.15
2020-10-23,NVS,81.17
2020-10-26,NVS,80.93
2020-10-27,NVS,77.83
2020-10-28,NVS,75.34
2020-10-29,NVS,75.06
2020-10-30,NVS,75.07
2020-11-02,NVS,76.69
2020-11-03,NVS,77.92
2020-11-04,NVS,80.53
2020-11-05,NVS,80.98
2020-11-06,NVS,81.45
2020-11-09,NVS,80.69
2020-11-10,NVS,81.0
2020-11-11,NVS,82.68
2020-11-12,NVS,82.32
2020-11-13,NVS,82.78
2020-11-16,NVS,83.08
2020-11-17,NVS,83.18
2020-11-18,NVS,82.41
2020-11-19,NVS,83.84
2020-11-20,NVS,84.14
2020-11-23,NVS,83.94
2020-11-24,NVS,84.89
2020-11-25,NVS,85.74
2020-11-27,NVS,86.3
2020-11-30,NVS,87.33
2020-12-01,NVS,87.22
2020-12-02,NVS,88.05
2020-12-03,NVS,86.76
2020-12-04,NVS,88.09
2020-12-07,NVS,87.97
2020-12-08,NVS,87.69
2020-12-09,NVS,88.08
2020-12-10,NVS,88.14
2020-12-11,NVS,89.05
2020-12-14,NVS,87.06
2020-12-15,NVS,86.5
2020-12-16,NVS,87.46
2020-12-17,NVS,88.43
2020-12-18,NVS,87.4
2020-12-21,NVS,85.05
2020-12-22,NVS,84.78
2020-12-23,NVS,84.97
2020-12-24,NVS,85.13
2020-12-28,NVS,87.68
2020-12-29,NVS,89.75
2020-12-30,NVS,90.72
2020-12-31,NVS,90.79
2021-01-04,NVS,90.73
2021-01-05,NVS,90.96
2021-01-06,NVS,89.9
2021-01-07,NVS,89.8
2021-01-08,NVS,90.41
2021-01-11,NVS,90.75
2021-01-12,NVS,90.23
2021-01-13,NVS,89.71
2021-01-14,NVS,90.97
2021-01-15,NVS,91.94
2021-01-19,NVS,92.96
2021-01-20,NVS,93.18
2021-01-21,NVS,93.14
2021-01-22,NVS,93.16
2021-01-25,NVS,94.67
2021-01-26,NVS,92.24
2021-01-27,NVS,89.32
2021-01-28,NVS,89.26
2021-01-29,NVS,86.98
2021-02-01,NVS,86.3
2021-02-02,NVS,86.16
2021-02-03,NVS,85.89
2021-02-04,NVS,87.13
2021-02-05,NVS,87.04
2021-02-08,NVS,87.49
2021-02-09,NVS,88.05
2021-02-10,NVS,87.94
2021-02-11,NVS,88.63
2021-02-12,NVS,88.48
2021-02-16,NVS,87.93
2021-02-17,NVS,86.61
2021-02-18,NVS,85.94
2021-02-19,NVS,85.0
2021-02-22,NVS,84.52
2021-02-23,NVS,83.16
2021-02-24,NVS,84.06
2021-02-25,NVS,83.36
2021-02-26,NVS,82.6
2021-03-01,NVS,84.08
2021-03-02,NVS,84.77
2021-03-03,NVS,84.18
2021-03-04,NVS,83.5
2021-03-05,NVS,84.01
2021-03-08,NVS,83.73
2021-03-09,NVS,83.54
2021-03-10,NVS,84.19
2021-03-11,NVS,84.74
2021-03-12,NVS,84.13
2021-03-15,NVS,85.29
2021-03-16,NVS,86.01
2021-03-17,NVS,85.64
2021-03-18,NVS,85.18
2021-03-19,NVS,85.94
2021-03-22,NVS,86.51
2021-03-23,NVS,86.26
2021-03-24,NVS,86.02
2021-03-25,NVS,87.21
2021-03-26,NVS,87.41
2021-03-29,NVS,87.35
2021-03-30,NVS,87.02
2021-03-31,NVS,85.48
2021-04-01,NVS,86.08
2021-04-05,NVS,87.27
2021-04-06,NVS,86.36
2021-04-07,NVS,86.3
2021-04-08,NVS,86.99
2021-04-09,NVS,87.55
2021-04-12,NVS,87.34
2021-04-13,NVS,86.4
