,predict,Date
0,0.0022165931295603514,2021-01-26 17:28:06
1,-0.0049133021384477615,2021-01-26 17:50:21
2,0.007930496707558632,2021-01-26 17:52:21
3,-0.0029656514525413513,2021-01-26 18:00:33
4,0.04025239869952202,2021-01-26 19:29:04
5,0.028818299993872643,2021-01-26 19:33:35
6,0.003328275168314576,2021-01-26 22:02:06
7,0.006975103635340929,2021-01-26 22:05:13
8,0.014875218272209167,2021-01-26 22:32:41
9,0.03912242129445076,2021-01-26 22:51:22
10,0.012971380725502968,2021-01-26 23:00:02
11,0.006108157802373171,2021-01-27 00:29:59
12,-0.0005744833033531904,2021-01-27 03:01:00
13,-0.011193078942596912,2021-01-27 07:40:25
14,0.012971380725502968,2021-01-27 07:42:55
15,-0.004319298546761274,2021-01-27 10:45:31
16,0.03172559291124344,2021-01-27 11:30:50
17,0.008181820623576641,2021-01-27 13:05:19
18,0.006222009193152189,2021-01-27 13:05:20
19,0.019505124539136887,2021-01-27 13:12:20
20,0.003528937930241227,2021-01-27 13:21:01
21,-0.0005760563653893769,2021-01-27 13:58:38
22,0.021177170798182487,2021-01-27 15:18:44
23,0.0009895004332065582,2021-01-27 15:19:08
24,0.00894327461719513,2021-01-27 15:19:11
25,0.018942512571811676,2021-01-27 16:07:19
26,-0.007296995725482702,2021-01-27 16:10:43
27,-0.00736065162345767,2021-01-27 16:58:44
28,-0.006378710735589266,2021-01-27 17:00:22
29,0.0038079058285802603,2021-01-27 18:12:10
30,0.0023887401912361383,2021-01-27 19:00:08
31,0.016731536015868187,2021-01-27 20:46:23
32,0.008080131374299526,2021-01-27 22:21:15
33,-0.0011756233870983124,2021-01-28 04:20:02
34,0.002461215015500784,2021-01-28 08:05:00
35,0.019833706319332123,2021-01-28 09:18:07
36,0.0010396108264103532,2021-01-28 09:18:37
37,0.0037287224549800158,2021-01-28 10:09:10
38,0.005338483490049839,2021-01-28 10:10:22
39,0.005053336266428232,2021-01-28 10:49:25
40,-0.007296995725482702,2021-01-28 12:10:44
41,0.0032294820994138718,2021-01-28 12:28:51
42,0.017417486757040024,2021-01-28 12:33:38
43,0.018775945529341698,2021-01-28 14:03:00
44,0.023558853194117546,2021-01-28 14:48:34
45,0.015399874188005924,2021-01-28 15:18:23
46,0.005293459631502628,2021-01-28 16:25:48
47,0.0028458377346396446,2021-01-28 16:26:41
48,0.025782449170947075,2021-01-28 17:49:56
49,-0.006543548312038183,2021-01-28 17:51:31
50,0.007471999619156122,2021-01-28 19:43:59
51,-0.004656239878386259,2021-01-28 20:05:00
52,-0.005081383511424065,2021-01-28 20:59:54
53,-0.00011506750888656825,2021-01-28 21:09:09
54,0.02819426916539669,2021-01-28 21:10:33
55,-0.00932997651398182,2021-01-28 21:39:13
56,0.06253698468208313,2021-01-28 22:00:33
57,-0.02186434715986252,2021-01-29 03:10:40
58,-3.699140506796539e-06,2021-01-29 06:41:18
59,-0.02186434715986252,2021-01-29 08:21:05
60,-0.007637351285666227,2021-01-29 08:29:13
61,0.0013142882380634546,2021-01-29 08:29:20
62,0.005293459631502628,2021-01-29 08:34:36
63,-0.0061563956551253796,2021-01-29 09:03:29
64,-0.0061563956551253796,2021-01-29 09:05:22
65,-0.010798560455441475,2021-01-29 09:28:57
66,0.020579319447278976,2021-01-29 09:32:24
67,0.014339365065097809,2021-01-29 09:38:09
68,0.011133380234241486,2021-01-29 09:45:00
69,0.022171728312969208,2021-01-29 09:46:51
70,-0.0061563956551253796,2021-01-29 10:18:55
71,0.003325299359858036,2021-01-29 11:04:00
72,-0.003158954670652747,2021-01-29 13:34:07
73,0.033035408705472946,2021-01-29 13:42:45
74,0.005102176684886217,2021-01-29 13:43:02
75,-0.002702421508729458,2021-01-29 14:06:17
76,0.013458328321576118,2021-01-29 15:04:02
77,-0.002305867150425911,2021-01-29 15:11:02
78,-0.026560509577393532,2021-01-29 15:11:23
79,-0.04445159062743187,2021-01-29 15:32:13
80,-0.009427664801478386,2021-01-29 15:35:53
81,0.005246103275567293,2021-01-29 15:36:36
82,0.005246103275567293,2021-01-29 15:40:35
83,0.012720029801130295,2021-01-29 15:43:06
84,-0.0006859450950287282,2021-01-29 15:46:26
85,0.0013334165560081601,2021-01-29 15:47:07
86,-0.011098342947661877,2021-01-29 15:48:22
87,0.004511440638452768,2021-01-29 15:49:36
88,-0.01942254602909088,2021-01-29 15:55:09
89,0.0006073982804082334,2021-01-29 15:55:49
90,-0.00838820543140173,2021-01-29 16:00:06
91,0.010943177156150341,2021-01-29 16:07:48
92,0.025570767000317574,2021-01-29 16:09:47
93,-0.02158978395164013,2021-01-29 16:11:48
94,0.009728120639920235,2021-01-29 16:16:28
95,-0.006071029230952263,2021-01-29 16:32:40
96,-0.04445159062743187,2021-01-29 17:08:14
97,-0.019021185114979744,2021-01-29 17:08:41
98,0.006832266692072153,2021-01-29 17:11:52
99,-0.024025829508900642,2021-01-29 17:12:28
100,0.0001763416948961094,2021-01-29 17:18:56
101,-0.0038621199782937765,2021-01-29 17:19:19
102,0.002133725443854928,2021-01-29 17:21:43
103,0.0009684899705462158,2021-01-29 17:22:36
104,-0.00425289710983634,2021-01-29 17:44:19
105,0.003827099222689867,2021-01-29 17:46:45
106,-0.0068299840204417706,2021-01-29 18:00:58
107,0.022029303014278412,2021-01-29 18:13:41
108,0.005372365936636925,2021-01-29 18:18:57
109,-0.040427953004837036,2021-01-29 18:26:29
110,-0.040427953004837036,2021-01-29 18:33:00
111,-0.0035012008156627417,2021-01-29 18:45:10
112,-0.043807536363601685,2021-01-29 19:50:22
113,-0.025449754670262337,2021-01-29 19:50:23
114,-0.01144650112837553,2021-01-29 21:26:38
115,0.00463411770761013,2021-01-29 22:00:28
116,0.0018517441349104047,2021-01-29 22:13:26
117,0.01734132319688797,2021-01-30 02:06:00
118,0.010482280515134335,2021-01-30 08:53:19
119,-0.008885445073246956,2021-01-30 09:22:34
120,0.015320748090744019,2021-01-30 09:23:31
121,-0.004822777584195137,2021-01-30 09:52:33
122,0.013551195152103901,2021-01-30 10:25:31
123,-0.012890534475445747,2021-01-30 11:03:00
124,0.019098227843642235,2021-01-30 11:12:45
125,-0.01769343391060829,2021-01-30 11:49:50
126,-0.025952816009521484,2021-01-30 12:13:14
127,-0.01734810881316662,2021-01-30 12:37:36
128,-0.012764710932970047,2021-01-30 13:21:46
129,-0.004804955795407295,2021-01-30 13:21:55
130,-0.009983769617974758,2021-01-30 14:03:21
131,0.011640286073088646,2021-01-30 15:00:14
132,0.030233459547162056,2021-01-30 19:12:36
133,0.01217812579125166,2021-01-30 20:57:24
134,-0.015867531299591064,2021-01-30 20:59:13
135,-0.02113037370145321,2021-01-31 08:01:00
136,0.03100590407848358,2021-01-31 08:18:39
137,0.008997015655040741,2021-01-31 10:23:00
138,-0.00709503935649991,2021-01-31 16:00:08
139,-0.03298311308026314,2021-01-31 17:00:45
140,0.008279956877231598,2021-01-31 20:08:00
141,-0.0009067501523531973,2021-02-01 08:27:31
142,-0.010700952261686325,2021-02-01 09:43:38
143,0.014381717890501022,2021-02-01 10:03:48
144,0.001640682341530919,2021-02-01 12:57:40
145,-0.03344711661338806,2021-02-01 13:00:35
146,0.0024098216090351343,2021-02-01 14:18:17
147,-0.006338689476251602,2021-02-01 15:01:54
148,0.004556124564260244,2021-02-01 15:03:19
149,-0.00449362164363265,2021-02-01 16:08:06
150,0.005246103275567293,2021-02-01 16:08:25
151,0.005246103275567293,2021-02-01 16:10:25
152,-0.004518325440585613,2021-02-01 16:13:33
153,0.0025242578703910112,2021-02-01 16:14:12
154,-0.015445674769580364,2021-02-01 16:20:59
155,0.023087430745363235,2021-02-01 16:24:49
156,0.011448880657553673,2021-02-01 16:58:00
157,0.0156647227704525,2021-02-01 16:59:23
158,0.007265253458172083,2021-02-01 16:59:24
159,0.0031196288764476776,2021-02-01 18:12:29
160,0.023519279435276985,2021-02-01 18:14:17
161,0.01734457165002823,2021-02-01 18:23:13
162,0.005181218963116407,2021-02-01 18:23:17
163,0.013460548594594002,2021-02-01 18:35:21
164,-0.016780955716967583,2021-02-01 18:39:22
165,0.011081082746386528,2021-02-01 20:04:36
166,0.016107995063066483,2021-02-01 20:59:36
167,-0.02321993000805378,2021-02-01 21:38:45
168,0.009856841526925564,2021-02-02 06:24:22
169,-0.001957063330337405,2021-02-02 09:30:30
170,-0.019802182912826538,2021-02-02 09:35:16
171,0.02521265298128128,2021-02-02 11:23:50
172,0.010237370617687702,2021-02-02 12:47:06
173,0.01816766895353794,2021-02-02 13:25:39
174,0.011478923261165619,2021-02-02 14:00:50
175,-0.01192780863493681,2021-02-02 14:13:04
176,-0.03961959108710289,2021-02-02 14:33:02
177,0.030370259657502174,2021-02-02 16:00:11
178,0.01514349039644003,2021-02-02 16:37:00
179,-0.03233688697218895,2021-02-02 16:41:22
180,0.031559668481349945,2021-02-02 17:04:00
181,0.04594710096716881,2021-02-02 17:51:21
182,0.015782684087753296,2021-02-02 18:11:49
183,0.002877455437555909,2021-02-02 18:30:00
184,0.031044773757457733,2021-02-02 19:52:48
185,0.013715110719203949,2021-02-02 19:53:01
186,0.016631120815873146,2021-02-02 20:04:00
187,0.00801933091133833,2021-02-02 21:00:18
188,0.002826709533110261,2021-02-02 21:47:46
189,0.0243057943880558,2021-02-03 00:26:19
190,0.011945577338337898,2021-02-03 07:32:37
191,0.01079813577234745,2021-02-03 08:06:00
192,0.008411322720348835,2021-02-03 09:00:04
193,0.01170559786260128,2021-02-03 10:49:17
194,0.014088579453527927,2021-02-03 11:51:54
195,0.02489243820309639,2021-02-03 12:51:35
196,-0.005264231003820896,2021-02-03 13:40:53
197,0.01050967164337635,2021-02-03 14:05:00
198,0.0008308907272294164,2021-02-03 15:00:14
199,0.007990352809429169,2021-02-03 15:18:48
200,0.0383823961019516,2021-02-03 15:22:14
201,0.04076002538204193,2021-02-03 15:53:53
202,0.0008491105982102454,2021-02-03 16:07:43
203,-0.002143106423318386,2021-02-03 16:15:09
204,0.010360478423535824,2021-02-03 16:59:28
205,0.0012690956937149167,2021-02-03 17:08:21
206,0.03391198441386223,2021-02-03 18:34:27
207,0.04034749045968056,2021-02-03 19:06:00
208,0.03391198441386223,2021-02-03 19:15:23
209,0.025137703865766525,2021-02-03 19:33:46
210,0.034040872007608414,2021-02-03 20:32:51
211,0.0009407404577359557,2021-02-03 20:35:01
212,0.0016949776327237487,2021-02-03 21:55:00
213,-0.04563000798225403,2021-02-03 22:04:30
214,-0.037971701472997665,2021-02-04 07:29:45
215,-0.012468095868825912,2021-02-04 09:14:00
216,0.03391198441386223,2021-02-04 10:25:57
217,0.020556459203362465,2021-02-04 11:36:52
218,0.01967174932360649,2021-02-04 12:00:46
219,0.012070205062627792,2021-02-04 12:09:09
220,0.0078529492020607,2021-02-04 12:36:02
221,-0.01728164032101631,2021-02-04 13:14:29
222,0.001005004276521504,2021-02-04 14:06:00
223,-0.0005729658878408372,2021-02-04 15:10:48
224,-0.007576840464025736,2021-02-04 15:25:48
225,0.001405849470756948,2021-02-04 17:05:00
226,0.0015961247263476253,2021-02-04 17:13:50
227,-0.004117204342037439,2021-02-04 17:45:19
228,-0.006327301263809204,2021-02-04 17:55:15
229,0.005398414563387632,2021-02-04 19:03:35
230,0.008657701313495636,2021-02-04 19:06:16
231,0.01868463307619095,2021-02-04 19:09:14
232,-0.00046466971980407834,2021-02-04 19:24:55
233,0.02076762728393078,2021-02-04 19:35:30
234,-0.008477413095533848,2021-02-04 19:42:13
235,-0.007580029312521219,2021-02-05 00:25:15
236,0.013684440404176712,2021-02-05 10:34:05
237,0.001055796747095883,2021-02-05 11:08:00
238,0.013238235376775265,2021-02-05 11:17:26
239,-0.0001943102543009445,2021-02-05 11:51:36
240,0.00488687539473176,2021-02-05 11:51:53
241,0.00464743422344327,2021-02-05 13:50:01
242,0.029116520658135414,2021-02-05 16:09:26
243,0.005246103275567293,2021-02-05 16:09:33
244,0.005246103275567293,2021-02-05 16:19:54
245,-0.009238658472895622,2021-02-05 16:20:15
246,0.0008042925619520247,2021-02-05 16:24:52
247,-0.008544456213712692,2021-02-05 16:28:35
248,0.01834651082754135,2021-02-05 16:29:22
249,0.006793723441660404,2021-02-05 16:50:00
250,0.0095047103241086,2021-02-05 17:01:11
251,-0.003674201900139451,2021-02-05 17:02:47
252,0.013220359571278095,2021-02-05 17:04:00
253,0.017135202884674072,2021-02-05 17:45:49
254,0.013220359571278095,2021-02-05 22:23:39
255,-0.011617183685302734,2021-02-05 23:10:00
256,0.003590313484892249,2021-02-06 08:59:29
257,-0.005303051322698593,2021-02-06 14:26:41
258,-0.002367274137213826,2021-02-06 16:07:29
259,-0.006749262567609549,2021-02-06 16:10:18
260,-0.00761072663590312,2021-02-07 10:44:01
261,-0.01809803955256939,2021-02-07 12:16:15
262,-0.0070025185123085976,2021-02-07 12:50:44
263,0.00922136940062046,2021-02-07 13:42:16
264,0.01817988231778145,2021-02-07 13:42:26
265,0.03396805748343468,2021-02-07 14:02:00
266,-0.004085755441337824,2021-02-07 14:08:23
267,-0.028302257880568504,2021-02-07 14:20:20
268,-0.007515863981097937,2021-02-07 14:57:13
269,0.012242255732417107,2021-02-07 15:51:40
270,0.017163250595331192,2021-02-07 17:34:27
271,0.008699134923517704,2021-02-07 18:15:08
272,0.03173276409506798,2021-02-07 18:38:52
273,-0.0011295857839286327,2021-02-07 18:39:31
274,-0.00627644220367074,2021-02-07 19:35:37
275,-0.01211943943053484,2021-02-07 19:35:39
276,0.00438076164573431,2021-02-07 19:54:08
277,0.012464256957173347,2021-02-07 22:33:48
278,0.012230106629431248,2021-02-08 02:06:00
279,0.009426312521100044,2021-02-08 08:05:00
280,-0.012565378099679947,2021-02-08 09:06:04
281,0.0120134511962533,2021-02-08 09:44:46
282,0.028997471556067467,2021-02-08 10:01:45
283,-0.014128761366009712,2021-02-08 10:09:11
284,0.00484505295753479,2021-02-08 10:47:29
285,0.01981833390891552,2021-02-08 10:48:36
286,0.023177167400717735,2021-02-08 11:26:08
287,0.017345713451504707,2021-02-08 11:33:11
288,0.004409567918628454,2021-02-08 12:03:30
289,-0.003722648834809661,2021-02-08 12:04:25
290,-0.010291825979948044,2021-02-08 12:32:23
291,0.012815644964575768,2021-02-08 14:00:55
292,0.0008686878136359155,2021-02-08 14:16:52
293,0.025154996663331985,2021-02-08 16:36:33
294,0.005246103275567293,2021-02-08 16:36:49
295,0.005246103275567293,2021-02-08 16:44:30
296,-0.03084585815668106,2021-02-08 16:45:35
297,0.013304200023412704,2021-02-08 16:46:27
298,0.0065389215014874935,2021-02-08 16:46:53
299,-0.00747668044641614,2021-02-08 16:48:04
300,0.03802795708179474,2021-02-08 16:49:10
301,0.0354234017431736,2021-02-08 16:49:55
302,0.019532078877091408,2021-02-08 16:51:02
303,0.002240334637463093,2021-02-08 16:59:49
304,0.0031196288764476776,2021-02-08 17:07:02
305,-0.007278459146618843,2021-02-08 19:30:38
306,0.014299601316452026,2021-02-08 19:31:05
307,0.004668053705245256,2021-02-08 20:05:23
308,0.04123339802026749,2021-02-08 20:31:24
309,-0.00019181233074050397,2021-02-09 07:33:10
310,0.0011387685080990195,2021-02-09 07:46:54
311,-0.03330931439995766,2021-02-09 08:23:19
312,-0.008403969928622246,2021-02-09 08:37:07
313,-0.0009998725727200508,2021-02-09 08:42:53
314,-0.003764265449717641,2021-02-09 09:18:52
315,-0.015660639852285385,2021-02-09 09:31:43
316,0.010991392657160759,2021-02-09 09:32:16
317,0.010991392657160759,2021-02-09 09:41:54
318,0.004224645905196667,2021-02-09 10:35:40
319,-0.015660639852285385,2021-02-09 10:50:37
320,0.005011656787246466,2021-02-09 11:43:08
321,-0.015280067920684814,2021-02-09 12:36:00
322,0.02069190889596939,2021-02-09 12:56:08
323,0.004365377593785524,2021-02-09 14:03:02
324,0.010289866477251053,2021-02-09 14:31:26
325,-0.030357515439391136,2021-02-09 14:47:10
326,-0.00015241057553794235,2021-02-09 15:23:21
327,0.01821768842637539,2021-02-09 15:49:58
328,-0.0304638110101223,2021-02-09 16:08:55
329,-0.00012367316230665892,2021-02-09 16:36:01
330,0.00960293784737587,2021-02-09 16:43:15
331,0.007839016616344452,2021-02-09 17:06:47
332,0.0065523916855454445,2021-02-09 17:31:00
333,0.010021443478763103,2021-02-09 17:43:58
334,0.007503752131015062,2021-02-09 18:31:24
335,-0.00011051427281927317,2021-02-09 18:33:15
336,0.009374369867146015,2021-02-09 20:51:55
337,0.0015674568712711334,2021-02-10 07:49:52
338,0.0045304796658456326,2021-02-10 08:17:24
339,0.0023738977033644915,2021-02-10 08:22:46
340,-0.016979318112134933,2021-02-10 08:48:52
341,-0.002844114787876606,2021-02-10 08:54:05
342,0.0070153772830963135,2021-02-10 09:00:46
343,-0.010053746402263641,2021-02-10 09:13:20
344,-0.01119797769933939,2021-02-10 09:18:11
345,0.005977516062557697,2021-02-10 10:28:20
346,-0.006451304070651531,2021-02-10 13:21:38
348,0.005292754154652357,2021-02-10 13:21:39
347,-0.018428009003400803,2021-02-10 13:21:39
349,0.007492536213248968,2021-02-10 14:30:55
350,-0.01864342950284481,2021-02-10 15:04:27
351,0.020066238939762115,2021-02-10 15:45:53
352,0.020066238939762115,2021-02-10 16:55:04
353,0.01909605786204338,2021-02-10 17:00:22
354,0.0015250550350174308,2021-02-10 17:01:30
355,0.023302989080548286,2021-02-10 17:06:25
356,0.015462826937437057,2021-02-10 18:11:19
357,-0.004942265804857016,2021-02-10 18:29:52
358,-0.023273827508091927,2021-02-10 18:46:48
359,-0.018422191962599754,2021-02-10 19:21:38
360,0.006105157546699047,2021-02-10 19:28:07
361,0.0036074279341846704,2021-02-10 20:57:22
362,-0.009680407121777534,2021-02-10 20:57:22
363,0.01918460801243782,2021-02-10 21:00:36
364,0.0023758418392390013,2021-02-11 02:05:00
365,0.01771816983819008,2021-02-11 05:05:08
366,0.00847731065005064,2021-02-11 06:21:57
367,0.010017885826528072,2021-02-11 08:29:06
368,0.010171512141823769,2021-02-11 09:01:35
369,0.010164093226194382,2021-02-11 09:18:04
370,0.03173276409506798,2021-02-11 10:14:55
371,-0.007145763840526342,2021-02-11 10:15:04
372,0.005053336266428232,2021-02-11 10:51:39
373,0.01385624147951603,2021-02-11 12:22:19
374,0.019231636077165604,2021-02-11 14:06:00
375,-0.009782996028661728,2021-02-11 15:01:38
376,0.011399396695196629,2021-02-11 19:23:45
377,0.025892658159136772,2021-02-11 19:51:10
378,0.015689687803387642,2021-02-11 20:04:00
379,-0.02845534309744835,2021-02-11 20:31:59
380,0.02018822357058525,2021-02-11 20:57:54
381,-0.008477413095533848,2021-02-11 23:02:00
382,-0.01010411512106657,2021-02-12 07:57:43
383,0.028027433902025223,2021-02-12 08:44:02
384,-0.005401272792369127,2021-02-12 10:08:30
385,0.006820173934102058,2021-02-12 10:08:53
386,0.006820173934102058,2021-02-12 11:57:46
387,-0.012712917290627956,2021-02-12 12:01:22
388,0.043052833527326584,2021-02-12 12:36:53
389,-0.01179305836558342,2021-02-12 12:53:08
390,0.005292485933750868,2021-02-12 13:27:42
391,-0.022413959726691246,2021-02-12 15:44:20
392,0.005246103275567293,2021-02-12 15:44:55
393,0.005246103275567293,2021-02-12 15:49:06
394,-0.01576882414519787,2021-02-12 15:52:40
395,-0.008400538936257362,2021-02-12 15:54:15
396,0.001299348659813404,2021-02-12 15:55:11
397,0.007253998890519142,2021-02-12 15:55:40
398,0.022073134779930115,2021-02-12 15:59:20
399,0.008931856602430344,2021-02-12 16:16:42
400,0.018929634243249893,2021-02-12 16:42:20
401,-0.006153244990855455,2021-02-12 16:42:21
402,-0.0009251137380488217,2021-02-12 16:42:21
403,-0.005409174598753452,2021-02-12 16:44:48
404,0.000944011437240988,2021-02-12 16:46:13
405,-0.0030096229165792465,2021-02-12 16:46:31
406,-0.007278459146618843,2021-02-12 18:17:35
407,0.005085998680442572,2021-02-12 18:38:54
408,0.005085998680442572,2021-02-12 21:12:35
409,-0.013607586733996868,2021-02-12 21:40:01
410,0.009437168017029762,2021-02-12 22:00:22
411,0.005085998680442572,2021-02-12 23:03:28
412,0.006351660005748272,2021-02-13 09:38:05
413,-0.01389449741691351,2021-02-13 10:31:14
414,0.00693531846627593,2021-02-13 12:16:00
415,-0.00015219747729133815,2021-02-13 18:50:38
416,-0.008514929562807083,2021-02-14 02:07:00
417,0.0636330395936966,2021-02-14 07:33:10
418,-0.008824264630675316,2021-02-14 12:09:38
419,0.010300757363438606,2021-02-14 12:29:28
420,-0.0017537807580083609,2021-02-14 20:02:00
421,0.011017792858183384,2021-02-14 20:47:02
422,0.010300757363438606,2021-02-14 23:23:00
423,-0.004850742872804403,2021-02-15 08:05:00
424,-0.0060472646728158,2021-02-15 09:27:29
425,0.0009676720364950597,2021-02-15 10:24:34
426,0.0053538912907242775,2021-02-15 14:06:00
427,-0.018192851915955544,2021-02-15 15:32:13
428,0.004062852822244167,2021-02-15 16:35:43
429,0.005246103275567293,2021-02-15 16:36:37
430,0.005246103275567293,2021-02-15 16:39:08
431,-0.0063049341551959515,2021-02-15 16:39:23
432,-0.008106903173029423,2021-02-15 16:40:01
433,0.005607656668871641,2021-02-15 16:40:35
434,0.003473868127912283,2021-02-15 16:42:13
435,0.02847347967326641,2021-02-15 16:43:49
436,0.0004084340762346983,2021-02-15 16:46:09
437,-0.0005190799129195511,2021-02-15 16:47:14
438,0.0031126677058637142,2021-02-15 16:50:08
439,-0.0026945548597723246,2021-02-15 16:52:09
440,0.032633908092975616,2021-02-15 16:58:26
441,0.008079052902758121,2021-02-15 17:01:28
442,0.00677750026807189,2021-02-15 17:06:33
443,-0.007278459146618843,2021-02-15 17:49:44
444,0.022940801456570625,2021-02-15 19:41:56
445,0.007810990791767836,2021-02-15 19:45:54
446,0.008357015438377857,2021-02-15 19:56:59
447,0.011534042656421661,2021-02-15 20:12:54
448,0.025202935561537743,2021-02-15 20:16:45
449,0.013048982247710228,2021-02-15 20:16:46
450,0.009625962935388088,2021-02-15 20:23:34
451,0.008144979365170002,2021-02-15 20:24:13
452,-0.007101874332875013,2021-02-15 21:02:54
453,0.0172116681933403,2021-02-16 05:06:00
454,0.01287754438817501,2021-02-16 07:12:11
455,0.021910103037953377,2021-02-16 07:44:42
456,0.03020019270479679,2021-02-16 12:19:48
457,0.00849258340895176,2021-02-16 13:03:03
458,0.013208840042352676,2021-02-16 13:06:30
459,0.01114520151168108,2021-02-16 13:52:13
460,-0.013498625718057156,2021-02-16 15:25:29
461,-0.013274306431412697,2021-02-16 15:26:43
462,-0.013274306431412697,2021-02-16 15:42:38
463,-0.009319986216723919,2021-02-16 15:54:07
464,0.000199203917873092,2021-02-16 17:04:00
465,-0.017064660787582397,2021-02-16 17:20:30
466,-0.015339374542236328,2021-02-16 17:39:46
467,0.0002861909451894462,2021-02-16 19:12:55
468,0.022548163309693336,2021-02-16 19:34:20
469,0.023273032158613205,2021-02-16 19:51:17
470,0.004730533808469772,2021-02-16 20:22:08
471,0.00028952182037755847,2021-02-17 02:50:00
472,0.0008843521936796606,2021-02-17 05:04:00
473,0.008335716091096401,2021-02-17 10:16:56
474,0.018441738560795784,2021-02-17 11:33:29
475,0.0235255416482687,2021-02-17 12:19:36
476,0.0080540981143713,2021-02-17 12:36:44
477,0.015441302210092545,2021-02-17 12:48:33
478,0.006036650855094194,2021-02-17 12:57:53
479,0.01551436074078083,2021-02-17 13:06:16
480,-0.0028343729209154844,2021-02-17 13:06:35
481,-0.0008849301957525313,2021-02-17 14:35:07
482,-0.01627669669687748,2021-02-17 14:35:38
483,0.007141015492379665,2021-02-17 14:36:15
484,-0.004282538313418627,2021-02-17 14:52:17
485,-0.0020720316097140312,2021-02-17 15:17:28
486,0.001977938925847411,2021-02-17 15:28:38
487,0.016100334003567696,2021-02-17 15:49:21
488,-0.031983859837055206,2021-02-17 16:20:36
489,0.004538548644632101,2021-02-17 16:20:42
490,0.01300431415438652,2021-02-17 16:58:50
491,0.010360478423535824,2021-02-17 17:10:00
492,-0.01967940293252468,2021-02-17 18:02:47
493,-0.020096728578209877,2021-02-17 19:01:50
494,0.005692733451724052,2021-02-17 20:00:06
495,-0.0046081217005848885,2021-02-17 20:08:36
496,-0.015810858458280563,2021-02-17 20:43:04
497,0.00900031067430973,2021-02-17 21:00:13
498,-0.013883266597986221,2021-02-17 21:38:45
499,-0.018403397873044014,2021-02-17 21:52:38
500,0.015965746715664864,2021-02-17 23:35:07
501,-0.005351124331355095,2021-02-18 02:04:00
502,-0.007532225921750069,2021-02-18 07:56:17
503,-0.002068525180220604,2021-02-18 09:17:06
504,-0.005111755337566137,2021-02-18 09:29:04
505,-0.018841367214918137,2021-02-18 09:37:24
506,0.019583046436309814,2021-02-18 09:40:53
507,0.022917861118912697,2021-02-18 09:47:00
508,-0.014860192313790321,2021-02-18 10:03:10
509,0.0006210695137269795,2021-02-18 10:25:05
510,-0.004861412104219198,2021-02-18 10:37:45
511,0.00885599572211504,2021-02-18 10:43:01
512,0.010360478423535824,2021-02-18 10:52:07
513,-0.023373601958155632,2021-02-18 11:26:18
514,0.007124542258679867,2021-02-18 11:30:28
515,0.011497152969241142,2021-02-18 11:57:21
516,0.012013370171189308,2021-02-18 12:58:34
517,0.017942773178219795,2021-02-18 13:00:12
518,-0.019100548699498177,2021-02-18 13:28:33
519,0.004829061217606068,2021-02-18 13:37:37
520,0.010623957961797714,2021-02-18 13:37:50
521,0.010623957961797714,2021-02-18 13:45:15
522,0.010082918219268322,2021-02-18 13:56:15
523,-0.002481624251231551,2021-02-18 13:57:54
524,0.0019961451180279255,2021-02-18 13:57:54
525,-0.01670955680310726,2021-02-18 14:00:58
526,0.0007060262723825872,2021-02-18 14:02:31
527,0.004547755233943462,2021-02-18 14:06:05
528,0.01694135181605816,2021-02-18 14:06:06
529,-0.0010779042495414615,2021-02-18 14:06:06
530,0.04283768683671951,2021-02-18 14:06:07
531,-0.007779708597809076,2021-02-18 14:07:19
532,0.018302688375115395,2021-02-18 14:07:20
533,0.008017986081540585,2021-02-18 14:11:51
534,0.023384835571050644,2021-02-18 15:03:07
535,0.008017986081540585,2021-02-18 16:14:52
536,0.03381779044866562,2021-02-18 16:15:34
537,0.012590033933520317,2021-02-18 16:18:35
538,-0.007278459146618843,2021-02-18 16:21:19
539,0.03380902484059334,2021-02-18 16:21:21
540,0.017906449735164642,2021-02-18 17:30:55
541,-0.0102290790528059,2021-02-18 18:36:25
542,0.009780894964933395,2021-02-18 18:56:48
543,-0.01383434422314167,2021-02-18 22:09:27
544,0.00038970913738012314,2021-02-19 04:54:11
545,-0.006979708559811115,2021-02-19 09:46:24
546,0.008017986081540585,2021-02-19 10:00:14
547,0.028997471556067467,2021-02-19 10:37:12
548,-0.001737377722747624,2021-02-19 12:26:35
549,0.0037326314486563206,2021-02-19 12:29:31
550,-0.00649259053170681,2021-02-19 13:11:33
551,-0.004000051412731409,2021-02-19 13:12:10
552,-0.004000051412731409,2021-02-19 13:55:10
553,0.0003974234568886459,2021-02-19 13:57:17
554,0.06784142553806305,2021-02-19 13:57:18
555,0.011354416608810425,2021-02-19 14:25:25
556,-0.004979806486517191,2021-02-19 15:13:48
557,-0.007583022583276033,2021-02-19 15:14:09
558,0.013973884284496307,2021-02-19 15:19:57
559,0.018824512138962746,2021-02-19 15:21:30
560,0.0005678058951161802,2021-02-19 15:21:30
561,-0.008949642069637775,2021-02-19 15:21:31
562,0.019324302673339844,2021-02-19 15:21:31
563,0.04827745631337166,2021-02-19 15:30:20
564,-0.010159667581319809,2021-02-19 15:50:29
565,0.02030007354915142,2021-02-19 15:55:07
566,0.02144886739552021,2021-02-19 15:59:09
567,0.018999619409441948,2021-02-19 15:59:49
568,-0.004952626768499613,2021-02-19 16:04:16
569,0.02391074225306511,2021-02-19 16:26:12
570,-0.01302757766097784,2021-02-19 17:26:22
571,0.00018400287081021816,2021-02-19 18:35:21
572,-0.0011007275898009539,2021-02-19 20:27:13
573,-0.01342526450753212,2021-02-19 20:38:19
574,0.000862560817040503,2021-02-19 21:30:00
575,-0.005939760711044073,2021-02-19 21:31:51
576,-0.007300940807908773,2021-02-19 21:47:52
577,-0.014564264565706253,2021-02-19 23:39:03
578,0.008457761257886887,2021-02-20 01:02:00
579,0.04297963157296181,2021-02-20 03:02:00
580,-0.002615890698507428,2021-02-20 05:46:35
581,-0.002985958708450198,2021-02-20 07:00:40
582,0.007117286324501038,2021-02-20 07:51:36
583,-0.014083974063396454,2021-02-20 10:28:26
584,-0.01728164032101631,2021-02-20 12:15:59
585,0.023177167400717735,2021-02-20 12:40:02
586,0.02638874389231205,2021-02-20 16:55:28
587,0.012815644964575768,2021-02-20 17:01:00
588,0.0034271269105374813,2021-02-20 17:01:13
589,-0.0059009939432144165,2021-02-20 19:15:57
590,0.07972259074449539,2021-02-20 20:23:21
591,0.014929810538887978,2021-02-20 20:36:58
592,-0.02264455147087574,2021-02-20 20:44:42
593,0.004046738613396883,2021-02-20 21:05:36
594,0.00814715214073658,2021-02-20 21:05:45
595,0.00814715214073658,2021-02-21 06:36:54
596,0.004365377593785524,2021-02-21 06:48:36
597,0.02638874389231205,2021-02-21 08:02:00
598,-0.016256820410490036,2021-02-21 13:45:43
599,-0.01979544758796692,2021-02-21 14:01:00
600,0.014659889042377472,2021-02-21 17:01:20
601,-0.0008107690955512226,2021-02-21 17:55:18
602,-8.771520515438169e-05,2021-02-21 18:01:56
603,0.0034492870327085257,2021-02-21 20:05:27
604,0.004256164655089378,2021-02-21 21:10:51
605,0.010258480906486511,2021-02-22 07:27:36
606,0.0070153772830963135,2021-02-22 07:30:00
607,-0.0198660921305418,2021-02-22 08:43:05
608,0.0097384974360466,2021-02-22 08:54:46
609,0.008000417612493038,2021-02-22 09:19:57
610,0.01981833390891552,2021-02-22 11:01:00
611,0.027735978364944458,2021-02-22 11:48:46
612,0.03474289923906326,2021-02-22 11:53:10
613,-0.018793437629938126,2021-02-22 11:54:41
614,0.026491375640034676,2021-02-22 11:55:45
615,0.034529734402894974,2021-02-22 14:28:59
616,-0.006176710594445467,2021-02-22 15:09:48
617,0.0010349760996177793,2021-02-22 15:10:14
618,0.013672547414898872,2021-02-22 15:10:24
619,0.0010349760996177793,2021-02-22 15:17:27
620,0.00965309701859951,2021-02-22 15:18:20
621,-0.013487116433680058,2021-02-22 15:19:43
622,0.018916327506303787,2021-02-22 15:19:43
623,-0.0006121004116721451,2021-02-22 15:22:35
624,-0.01942254602909088,2021-02-22 15:24:36
625,-3.314267087262124e-05,2021-02-22 15:33:43
626,0.0006225776742212474,2021-02-22 16:06:25
627,-0.007278459146618843,2021-02-22 16:09:11
628,0.0012784439604729414,2021-02-22 17:03:26
629,0.010893847793340683,2021-02-22 17:12:35
630,0.015005676075816154,2021-02-22 18:11:24
631,0.014378257095813751,2021-02-22 18:59:51
632,0.008079052902758121,2021-02-22 19:00:01
633,0.009013192728161812,2021-02-22 19:21:51
634,-0.0010548708960413933,2021-02-22 19:44:00
635,-0.0037406284827739,2021-02-22 20:00:01
636,-0.00952097587287426,2021-02-22 21:31:52
637,0.0007062660879455507,2021-02-22 21:31:53
638,-0.006022236775606871,2021-02-22 21:32:33
639,0.011895456351339817,2021-02-22 21:52:22
640,0.006853076163679361,2021-02-22 23:45:42
641,0.008120404556393623,2021-02-23 07:18:49
642,0.010017885826528072,2021-02-23 07:30:00
643,0.012708333320915699,2021-02-23 08:01:00
644,0.006023105699568987,2021-02-23 08:30:15
645,-0.014096229337155819,2021-02-23 09:57:28
646,-0.011287448927760124,2021-02-23 10:09:13
647,-0.03241724148392677,2021-02-23 12:00:23
648,0.004559979308396578,2021-02-23 12:06:07
649,-0.0041694617830216885,2021-02-23 12:12:53
650,0.0065256571397185326,2021-02-23 12:59:58
651,-0.0023330471012741327,2021-02-23 13:29:38
652,0.015828482806682587,2021-02-23 14:44:39
653,0.006117835175246,2021-02-23 16:01:56
654,0.0331168957054615,2021-02-23 16:19:50
655,0.0062751187942922115,2021-02-23 16:19:50
656,0.001123218797147274,2021-02-23 16:44:59
657,-0.0037040268070995808,2021-02-23 16:49:49
658,-0.004170781001448631,2021-02-23 16:49:50
659,-0.011482185684144497,2021-02-23 16:49:51
660,-0.007787853013724089,2021-02-23 16:49:52
661,-0.007199600338935852,2021-02-23 17:01:46
662,0.016311844810843468,2021-02-23 17:02:07
663,0.016311844810843468,2021-02-23 17:11:05
664,0.006621501874178648,2021-02-23 17:11:32
665,0.03793472424149513,2021-02-23 17:11:53
666,-0.010650405660271645,2021-02-23 17:18:15
667,0.0009596748277544975,2021-02-23 17:18:48
668,0.012851758860051632,2021-02-23 17:20:44
669,0.00071007787482813,2021-02-23 17:20:45
670,0.013402155600488186,2021-02-23 17:21:41
671,-0.003594891866669059,2021-02-23 17:23:26
672,0.009212587028741837,2021-02-23 17:27:16
673,-0.014074010774493217,2021-02-23 17:32:58
674,0.012631445191800594,2021-02-23 17:33:29
675,-0.021256739273667336,2021-02-23 17:34:26
676,0.0073548867367208,2021-02-23 17:37:02
677,0.01072552427649498,2021-02-23 17:38:34
678,0.018741944804787636,2021-02-23 17:39:25
679,-0.006164610851556063,2021-02-23 17:39:26
680,0.03298492729663849,2021-02-23 17:41:03
681,0.028703583404421806,2021-02-23 17:42:40
682,-0.0009156254236586392,2021-02-23 17:59:12
683,0.007301336154341698,2021-02-23 19:30:59
684,0.00953471940010786,2021-02-23 19:31:19
685,0.006293817888945341,2021-02-23 20:01:00
686,0.042707689106464386,2021-02-23 20:02:43
687,0.0013142352690920234,2021-02-23 21:13:53
688,-0.004146607592701912,2021-02-23 21:24:08
689,0.006713676732033491,2021-02-23 21:24:18
690,-0.004559013526886702,2021-02-23 21:25:01
691,-0.0002301517961313948,2021-02-23 21:25:54
692,0.020580386742949486,2021-02-23 23:02:00
693,0.005270648282021284,2021-02-24 07:13:28
694,-0.0007372182444669306,2021-02-24 07:13:31
695,0.028210332617163658,2021-02-24 07:55:14
696,0.010171512141823769,2021-02-24 08:30:00
697,-0.012464119121432304,2021-02-24 09:05:58
698,0.028027433902025223,2021-02-24 09:06:15
699,-0.016813477501273155,2021-02-24 09:09:11
700,-0.014457686804234982,2021-02-24 09:14:15
701,0.009303788654506207,2021-02-24 09:14:27
702,-0.015456811524927616,2021-02-24 10:38:27
703,-0.01166350208222866,2021-02-24 11:03:00
704,-0.012776178307831287,2021-02-24 11:30:18
705,0.0026168699841946363,2021-02-24 11:41:39
706,-0.006233518943190575,2021-02-24 12:34:56
707,0.004221003968268633,2021-02-24 13:00:00
708,-0.010878941044211388,2021-02-24 13:29:17
709,-0.006782167591154575,2021-02-24 14:02:00
710,0.006596049759536982,2021-02-24 14:10:00
711,0.012713857926428318,2021-02-24 14:24:51
712,0.0018205898813903332,2021-02-24 14:55:12
713,0.012808638624846935,2021-02-24 15:00:01
714,0.0018205898813903332,2021-02-24 15:50:57
715,0.006137715186923742,2021-02-24 16:00:41
716,-0.004765195772051811,2021-02-24 16:12:58
717,0.01505450252443552,2021-02-24 16:13:15
718,0.022484485059976578,2021-02-24 16:21:41
719,0.026302117854356766,2021-02-24 16:58:27
720,0.006154503207653761,2021-02-24 17:01:00
721,0.008305693976581097,2021-02-24 17:40:50
722,-0.0048391809687018394,2021-02-24 17:59:46
723,-0.012934749014675617,2021-02-24 18:25:22
724,0.010528676211833954,2021-02-24 18:31:10
725,0.031966522336006165,2021-02-24 18:37:23
726,0.0013619018718600273,2021-02-24 19:34:32
727,-0.014703638851642609,2021-02-24 20:00:07
728,-0.0077798436395823956,2021-02-24 20:41:15
729,0.003375599393621087,2021-02-24 20:52:51
730,-0.0015764741692692041,2021-02-24 22:15:42
731,-0.012027958407998085,2021-02-24 23:03:27
732,0.009554047137498856,2021-02-25 00:25:36
733,-0.004617597907781601,2021-02-25 01:21:55
734,0.046464234590530396,2021-02-25 02:02:00
735,-0.0018048986094072461,2021-02-25 09:19:11
736,0.019088154658675194,2021-02-25 09:19:19
737,-0.007144382689148188,2021-02-25 09:53:27
738,-0.004765195772051811,2021-02-25 10:08:04
739,-0.005850289482623339,2021-02-25 10:08:23
740,0.016519492492079735,2021-02-25 10:41:47
741,-0.00765112042427063,2021-02-25 11:03:00
742,0.017522936686873436,2021-02-25 11:14:15
743,-0.006825485732406378,2021-02-25 12:00:02
744,-0.007926985621452332,2021-02-25 12:36:20
745,-0.0006634931196458638,2021-02-25 12:45:00
746,0.004377807956188917,2021-02-25 12:50:04
747,-0.020481854677200317,2021-02-25 13:03:39
748,0.008145131170749664,2021-02-25 14:31:34
749,0.008017986081540585,2021-02-25 14:31:46
750,0.008017986081540585,2021-02-25 14:46:49
751,-0.002916532102972269,2021-02-25 14:49:05
752,-0.009563839063048363,2021-02-25 15:11:52
753,-0.008871076628565788,2021-02-25 15:30:00
754,0.011059699580073357,2021-02-25 16:02:08
755,-0.02037237212061882,2021-02-25 16:25:00
756,0.02262783981859684,2021-02-25 16:25:37
757,0.014471194706857204,2021-02-25 16:29:54
758,0.006543608848005533,2021-02-25 16:30:00
759,0.009025429375469685,2021-02-25 16:41:05
760,-0.01458180695772171,2021-02-25 16:45:00
761,-0.0018053485546261072,2021-02-25 16:59:50
762,-0.006427365355193615,2021-02-25 17:00:01
763,0.0015409726183861494,2021-02-25 17:00:11
764,0.02234291285276413,2021-02-25 17:02:00
765,0.02495824545621872,2021-02-25 17:02:29
766,-0.009026829153299332,2021-02-25 17:15:00
767,0.02605109103024006,2021-02-25 17:38:37
768,0.022158442065119743,2021-02-25 18:00:02
769,0.006712597329169512,2021-02-25 18:40:58
770,0.028077546507120132,2021-02-25 19:02:17
771,0.02262783981859684,2021-02-25 19:09:33
772,0.0037155041936784983,2021-02-25 19:22:19
773,0.013729117810726166,2021-02-25 20:31:23
774,-0.024360114708542824,2021-02-25 20:34:23
775,-0.008359266445040703,2021-02-25 20:35:37
776,0.00653931824490428,2021-02-25 20:49:59
777,0.0036902737338095903,2021-02-25 21:04:20
778,-0.014689935371279716,2021-02-25 21:04:46
779,-0.033498987555503845,2021-02-25 21:28:19
780,0.0007787153008393943,2021-02-25 23:01:00
781,0.017991818487644196,2021-02-26 01:14:44
782,-0.019526023417711258,2021-02-26 02:01:00
783,0.00918568391352892,2021-02-26 04:30:00
784,0.04472622275352478,2021-02-26 07:26:10
785,0.006240051705390215,2021-02-26 08:41:02
786,0.0002413034235360101,2021-02-26 09:09:50
787,0.0007381681934930384,2021-02-26 09:16:46
788,-0.0050388299860060215,2021-02-26 09:32:11
789,0.004429806023836136,2021-02-26 10:31:04
790,0.0011595120886340737,2021-02-26 10:45:12
791,0.0019737668335437775,2021-02-26 10:59:20
792,0.01658424362540245,2021-02-26 12:00:30
793,-0.009937234222888947,2021-02-26 13:33:33
794,0.018702026456594467,2021-02-26 13:54:54
795,-0.003947956953197718,2021-02-26 14:30:00
796,-0.0022728305775672197,2021-02-26 16:02:23
797,-0.01664661057293415,2021-02-26 16:04:45
798,0.022228648886084557,2021-02-26 16:23:30
799,-0.004488971550017595,2021-02-26 16:38:49
800,0.01263528224080801,2021-02-26 16:47:05
801,0.005246103275567293,2021-02-26 16:54:18
802,0.007268869783729315,2021-02-26 16:58:28
803,0.00926862470805645,2021-02-26 16:58:48
804,0.008840897120535374,2021-02-26 17:13:50
805,0.005246103275567293,2021-02-26 18:00:02
806,0.019099179655313492,2021-02-26 18:10:27
807,-0.007278459146618843,2021-02-26 18:23:09
808,-0.009710808284580708,2021-02-26 18:23:56
809,0.01654254086315632,2021-02-26 19:00:01
810,0.005034258123487234,2021-02-26 19:30:00
811,-0.007921996526420116,2021-02-26 21:23:06
812,0.006568904500454664,2021-02-26 21:24:18
813,0.010890994220972061,2021-02-26 22:37:52
814,0.019467677921056747,2021-02-27 04:55:00
815,-0.015025251545011997,2021-02-27 05:06:00
816,0.010480177588760853,2021-02-27 08:01:00
817,0.006119730416685343,2021-02-27 08:38:13
818,-0.007082206197082996,2021-02-27 14:05:00
819,-0.0018038919661194086,2021-02-27 15:13:59
820,0.01837342418730259,2021-02-27 15:40:13
821,0.00917306449264288,2021-02-27 17:00:01
822,0.003818467492237687,2021-02-27 18:30:17
823,0.022143341600894928,2021-02-27 18:50:26
824,0.03129132091999054,2021-02-27 19:30:13
825,0.013766726478934288,2021-02-27 20:12:56
826,0.034124989062547684,2021-02-27 22:06:00
827,0.004320625681430101,2021-02-27 23:06:00
828,0.01151098869740963,2021-02-28 03:05:00
829,0.020655415952205658,2021-02-28 04:21:28
830,0.0158974751830101,2021-02-28 10:29:24
831,-0.017850397154688835,2021-02-28 11:26:48
832,-0.020216716453433037,2021-02-28 11:27:50
833,0.0037326314486563206,2021-02-28 12:09:56
834,0.022143341600894928,2021-02-28 12:16:50
835,0.014048540033400059,2021-02-28 14:00:50
836,0.012970349751412868,2021-02-28 17:20:32
837,0.008804408833384514,2021-02-28 22:08:33
838,0.007003833074122667,2021-03-01 02:02:00
839,-0.0013853232376277447,2021-03-01 08:32:02
840,-0.01687217317521572,2021-03-01 10:21:16
841,0.008827346377074718,2021-03-01 10:35:54
842,-0.00787239708006382,2021-03-01 11:59:10
843,0.00698845973238349,2021-03-01 13:01:58
844,0.021953599527478218,2021-03-01 13:40:40
845,0.01291866134852171,2021-03-01 13:40:45
846,0.0010354305850341916,2021-03-01 13:55:20
847,0.030140696093440056,2021-03-01 14:00:20
848,-0.00816832110285759,2021-03-01 15:00:14
849,-0.007140480913221836,2021-03-01 16:05:43
850,0.005211938638240099,2021-03-01 16:22:21
851,0.005246103275567293,2021-03-01 16:22:53
852,0.005246103275567293,2021-03-01 16:25:34
853,0.004405875224620104,2021-03-01 16:27:11
854,-0.01278663706034422,2021-03-01 16:34:31
855,0.025213107466697693,2021-03-01 16:35:57
856,0.006128652486950159,2021-03-01 16:36:26
857,-0.010066699236631393,2021-03-01 16:37:23
858,0.01569938287138939,2021-03-01 17:07:10
859,0.010614066384732723,2021-03-01 17:15:36
860,-0.002299862913787365,2021-03-01 17:19:15
861,0.004712576512247324,2021-03-01 17:46:41
862,-0.006950756069272757,2021-03-01 18:28:35
863,-0.01473771408200264,2021-03-01 18:29:21
864,-0.006863814778625965,2021-03-01 18:39:43
865,-0.010240821167826653,2021-03-01 18:39:44
866,-0.008824404329061508,2021-03-01 18:42:32
867,0.019130099564790726,2021-03-01 18:42:32
868,0.007371766958385706,2021-03-01 18:43:01
869,0.0053932578302919865,2021-03-01 19:12:01
870,0.025694549083709717,2021-03-01 20:55:00
871,-0.006863814778625965,2021-03-01 21:04:08
872,0.012798972427845001,2021-03-02 01:24:24
873,-0.0015023378655314445,2021-03-02 02:03:00
874,0.008565051481127739,2021-03-02 07:25:22
875,-0.0007777611026540399,2021-03-02 10:35:21
876,0.015978438779711723,2021-03-02 11:39:40
877,0.01086001843214035,2021-03-02 12:16:52
878,0.011368178762495518,2021-03-02 12:19:47
879,0.011368178762495518,2021-03-02 12:22:13
880,0.00876096822321415,2021-03-02 12:37:38
881,-0.018635045737028122,2021-03-02 13:00:00
882,-0.02053661271929741,2021-03-02 13:17:11
883,-0.016776544973254204,2021-03-02 13:48:43
884,-0.029818778857588768,2021-03-02 13:51:49
885,-0.0015894754324108362,2021-03-02 14:48:34
886,0.02316758967936039,2021-03-02 14:48:56
887,0.008759749121963978,2021-03-02 14:49:01
888,0.0050530461594462395,2021-03-02 14:50:00
889,0.027215145528316498,2021-03-02 15:05:33
890,-0.037277765572071075,2021-03-02 16:10:00
891,0.005757540930062532,2021-03-02 16:36:34
892,0.011148246005177498,2021-03-02 16:37:54
893,0.004092120099812746,2021-03-02 17:11:24
894,-0.008347625844180584,2021-03-02 17:31:11
895,0.0044652665965259075,2021-03-02 18:33:00
896,0.007583799306303263,2021-03-02 20:15:09
897,-0.0021211786661297083,2021-03-02 20:15:41
898,-0.021859675645828247,2021-03-02 21:01:02
899,0.02472151257097721,2021-03-02 21:08:10
900,0.003076940542086959,2021-03-02 22:10:16
901,-0.0052302745170891285,2021-03-02 22:21:09
902,-0.005451502278447151,2021-03-02 22:24:07
903,0.00110483611933887,2021-03-02 23:14:45
904,-0.01440102607011795,2021-03-03 06:57:31
905,-0.03165983408689499,2021-03-03 09:47:38
906,0.0198302511125803,2021-03-03 11:24:16
907,0.022028742358088493,2021-03-03 11:39:48
908,0.008490251377224922,2021-03-03 12:22:40
909,-0.0059319487772881985,2021-03-03 13:52:04
910,-0.006524658761918545,2021-03-03 14:10:00
911,-0.025681588798761368,2021-03-03 14:57:54
912,0.013541769236326218,2021-03-03 15:19:50
913,0.023350415751338005,2021-03-03 15:59:39
914,0.004619556479156017,2021-03-03 16:14:41
915,0.010360478423535824,2021-03-03 17:15:16
916,0.006687740329653025,2021-03-03 17:32:04
917,0.01101875863969326,2021-03-03 20:26:28
918,-0.02371508814394474,2021-03-03 20:57:08
919,0.003843673737719655,2021-03-03 21:00:51
920,-0.021387867629528046,2021-03-03 21:12:28
921,0.01503930613398552,2021-03-03 21:26:14
922,0.0035120374523103237,2021-03-03 21:27:32
923,0.009514686651527882,2021-03-03 22:10:43
924,-0.007742746267467737,2021-03-03 22:27:40
925,0.008628811687231064,2021-03-03 22:28:03
926,-0.0009239042992703617,2021-03-03 23:02:27
927,-0.025614362210035324,2021-03-04 00:46:19
928,-0.008363350294530392,2021-03-04 04:05:00
929,-0.012842636555433273,2021-03-04 07:42:25
930,0.015828482806682587,2021-03-04 08:04:00
931,-0.004820158705115318,2021-03-04 08:19:30
932,0.0070153772830963135,2021-03-04 09:07:13
933,-0.00853043980896473,2021-03-04 09:23:46
934,0.01074241753667593,2021-03-04 09:43:20
935,0.017302079126238823,2021-03-04 10:00:33
936,0.005053336266428232,2021-03-04 10:21:32
937,0.007813660427927971,2021-03-04 10:56:07
938,0.01985817402601242,2021-03-04 11:41:40
939,0.014867931604385376,2021-03-04 12:49:44
940,-0.0009386048768647015,2021-03-04 12:53:45
941,-0.012252533808350563,2021-03-04 14:00:00
942,0.04775955528020859,2021-03-04 14:00:16
943,0.0010732366936281323,2021-03-04 14:30:00
944,0.008017986081540585,2021-03-04 14:37:17
945,0.008017986081540585,2021-03-04 16:06:44
946,-0.0032324937637895346,2021-03-04 17:15:00
947,-0.01650073006749153,2021-03-04 17:52:44
948,-0.02966577373445034,2021-03-04 19:32:43
949,-0.0020594329107552767,2021-03-04 21:03:42
950,-0.013876930810511112,2021-03-05 05:05:00
951,0.009756343439221382,2021-03-05 06:25:07
952,0.039423685520887375,2021-03-05 07:05:35
953,0.014082496985793114,2021-03-05 07:35:02
954,-0.007128204684704542,2021-03-05 07:44:05
955,0.013434216380119324,2021-03-05 07:44:46
956,0.011671877466142178,2021-03-05 07:45:00
957,0.047391846776008606,2021-03-05 07:55:24
958,0.010017885826528072,2021-03-05 09:23:38
959,-0.020480787381529808,2021-03-05 11:27:47
960,-0.016249820590019226,2021-03-05 12:29:22
961,-0.002577136969193816,2021-03-05 12:35:55
962,0.007301336154341698,2021-03-05 13:07:47
963,-0.008656969293951988,2021-03-05 14:00:46
964,0.016425564885139465,2021-03-05 14:18:02
965,-0.004978273995220661,2021-03-05 14:45:01
966,0.0008264014613814652,2021-03-05 16:11:54
967,0.005246103275567293,2021-03-05 16:12:08
968,0.005246103275567293,2021-03-05 16:14:38
969,-0.01187027059495449,2021-03-05 16:20:20
970,-0.018295004963874817,2021-03-05 16:24:07
971,0.003642479656264186,2021-03-05 16:24:39
972,0.020301535725593567,2021-03-05 16:26:36
973,0.008420637808740139,2021-03-05 16:29:17
974,-0.009439426474273205,2021-03-05 16:32:40
975,0.011050574481487274,2021-03-05 16:35:45
976,0.007748359814286232,2021-03-05 16:58:56
977,0.010614066384732723,2021-03-05 17:00:04
978,-0.0009852871298789978,2021-03-05 17:00:23
979,0.004712576512247324,2021-03-05 17:15:12
980,-0.013084654696285725,2021-03-05 18:42:16
981,-0.022050026804208755,2021-03-05 19:45:01
982,0.041481807827949524,2021-03-05 19:53:35
983,0.015792928636074066,2021-03-05 19:58:36
984,0.010994335636496544,2021-03-05 20:37:02
985,0.020139453932642937,2021-03-05 21:41:17
986,-0.02695126086473465,2021-03-05 21:41:19
987,0.011003866791725159,2021-03-05 21:42:28
988,-0.008484485559165478,2021-03-05 21:49:54
989,0.01384040992707014,2021-03-05 21:50:27
990,0.0002893671044148505,2021-03-05 21:51:27
991,-0.023135628551244736,2021-03-05 21:52:48
992,-0.008825362659990788,2021-03-05 21:54:58
993,0.007815319113433361,2021-03-05 21:56:19
994,-0.013965005055069923,2021-03-05 21:57:32
995,0.008077362552285194,2021-03-05 21:58:46
996,-0.009969898499548435,2021-03-05 22:00:17
997,-0.023292243480682373,2021-03-06 02:03:00
998,-0.010105717927217484,2021-03-06 07:24:03
999,0.010171512141823769,2021-03-06 08:02:00
1000,0.016329249367117882,2021-03-06 08:44:36
1001,0.010794617235660553,2021-03-06 09:05:02
1002,-0.0006083394982852042,2021-03-06 10:50:16
1003,-0.016170792281627655,2021-03-06 11:19:42
1004,-0.0059254658408463,2021-03-06 11:52:50
1005,0.015279588289558887,2021-03-06 12:21:55
1006,0.0015448073390871286,2021-03-06 12:24:55
1007,-0.01099188718944788,2021-03-06 12:28:42
1008,-0.02084263041615486,2021-03-06 13:34:35
1009,0.027654271572828293,2021-03-06 13:34:45
1010,-0.013965005055069923,2021-03-06 13:35:18
1011,-0.023292243480682373,2021-03-06 13:41:30
1012,-0.01099188718944788,2021-03-06 14:06:00
1013,0.026541585102677345,2021-03-06 17:00:01
1014,0.019642068073153496,2021-03-06 17:22:16
1015,-0.01870373822748661,2021-03-06 17:35:03
1016,0.01863708905875683,2021-03-06 18:33:54
1017,-0.024835800752043724,2021-03-06 18:36:15
1018,0.0030894726514816284,2021-03-06 19:36:50
1019,0.01008689496666193,2021-03-06 20:09:12
1020,-0.009968986734747887,2021-03-06 21:36:01
1021,-0.025393620133399963,2021-03-06 21:36:25
1022,-0.004844709299504757,2021-03-07 08:02:00
1023,0.020250476896762848,2021-03-07 08:18:04
1024,0.03118506819009781,2021-03-07 09:35:12
1025,-0.01098756305873394,2021-03-07 11:06:54
1026,-0.012711618095636368,2021-03-07 11:57:03
1027,0.009633317589759827,2021-03-07 13:17:00
1028,-0.003722388995811343,2021-03-07 13:47:36
1029,0.008224249817430973,2021-03-07 13:51:41
1030,0.01384040992707014,2021-03-07 13:54:57
1031,-0.005132949445396662,2021-03-07 13:59:06
1032,-0.006705775856971741,2021-03-07 14:04:00
1033,0.012898965738713741,2021-03-07 15:43:34
1034,0.0015180651098489761,2021-03-07 16:33:29
1035,-0.008904360234737396,2021-03-07 19:11:50
1036,0.007729747332632542,2021-03-07 20:31:13
1037,-0.007376415189355612,2021-03-07 21:12:44
1038,-0.01728164032101631,2021-03-07 23:45:00
1039,0.016374176368117332,2021-03-08 02:02:00
1040,0.0022477544844150543,2021-03-08 07:45:59
1041,-0.020579112693667412,2021-03-08 07:49:26
1042,-0.007056545931845903,2021-03-08 08:04:36
1043,-0.003085911273956299,2021-03-08 09:12:25
1044,0.0029945920687168837,2021-03-08 09:19:57
1045,-0.004021823406219482,2021-03-08 10:03:08
1046,0.021968495100736618,2021-03-08 10:36:43
1047,-0.009184913709759712,2021-03-08 10:48:42
1048,-0.0023330471012741327,2021-03-08 11:51:36
1049,0.018268270418047905,2021-03-08 12:03:04
1050,0.013531064614653587,2021-03-08 12:44:16
1051,0.01981833390891552,2021-03-08 13:22:28
1052,-0.038284339010715485,2021-03-08 13:23:37
1053,-0.015662889927625656,2021-03-08 14:15:00
1054,-0.005319349467754364,2021-03-08 14:50:00
1055,0.01913151517510414,2021-03-08 15:31:22
1056,0.02318519353866577,2021-03-08 16:01:56
1057,0.01937645673751831,2021-03-08 16:02:03
1058,0.002357376040890813,2021-03-08 16:12:39
1059,0.005246103275567293,2021-03-08 16:13:21
1060,0.005246103275567293,2021-03-08 16:19:00
1061,-0.012022163718938828,2021-03-08 16:20:00
1062,-0.004154042806476355,2021-03-08 16:28:38
1063,0.007082154043018818,2021-03-08 16:37:43
1064,0.008289622142910957,2021-03-08 16:50:09
1065,-0.005151539109647274,2021-03-08 18:30:38
1066,0.012049253098666668,2021-03-08 18:55:04
1067,0.019950920715928078,2021-03-08 19:15:11
1068,0.009479676373302937,2021-03-08 19:33:55
1069,0.009806864894926548,2021-03-08 20:21:52
1070,0.004506960045546293,2021-03-08 20:34:37
1071,0.0035923770628869534,2021-03-08 20:36:12
1072,0.020162057131528854,2021-03-08 20:48:40
1073,0.008031768724322319,2021-03-08 21:43:40
1074,0.0034217010252177715,2021-03-08 21:43:41
1075,0.03115161694586277,2021-03-08 21:44:06
1076,0.003989886492490768,2021-03-09 05:05:00
1077,0.01847766526043415,2021-03-09 07:27:06
1078,-0.0011693811975419521,2021-03-09 08:20:54
1079,0.006526006851345301,2021-03-09 08:21:03
1080,0.018702026456594467,2021-03-09 08:21:55
1081,-0.003335404908284545,2021-03-09 10:37:35
1082,0.014903058297932148,2021-03-09 11:18:13
1083,-0.00956420786678791,2021-03-09 12:00:00
1084,-0.008569696918129921,2021-03-09 12:19:46
1085,0.01258151512593031,2021-03-09 12:41:58
1086,0.005834054667502642,2021-03-09 13:09:13
1087,-0.013777080923318863,2021-03-09 14:11:25
1088,0.0015245525864884257,2021-03-09 14:47:55
1089,0.03931184113025665,2021-03-09 14:47:57
1090,0.0007415352738462389,2021-03-09 15:02:56
1091,-0.018923036754131317,2021-03-09 17:00:04
1092,-0.0020938424859195948,2021-03-09 17:51:56
1093,0.03199559822678566,2021-03-09 18:16:20
1094,0.013512076810002327,2021-03-09 18:40:17
1095,0.013222163543105125,2021-03-09 19:08:35
1096,-0.00048005732242017984,2021-03-09 19:35:35
1097,-0.006895121652632952,2021-03-09 20:04:29
1098,0.010026886127889156,2021-03-09 20:29:06
1099,0.012272042222321033,2021-03-09 21:47:02
1100,-0.01687217317521572,2021-03-09 21:57:31
1101,-0.0036943682935088873,2021-03-10 06:46:25
1102,-0.005522108171135187,2021-03-10 06:56:15
1103,0.012407159432768822,2021-03-10 07:15:49
1104,0.0029311475809663534,2021-03-10 07:17:24
1105,0.016929801553487778,2021-03-10 07:17:29
1106,0.005136721767485142,2021-03-10 07:39:31
1107,-0.005522108171135187,2021-03-10 08:44:42
1108,-0.0020999601110816,2021-03-10 09:49:59
1109,-0.019062669947743416,2021-03-10 09:51:02
1110,-0.019062669947743416,2021-03-10 10:09:31
1111,-0.012690172530710697,2021-03-10 10:23:20
1112,0.0061867511831223965,2021-03-10 10:31:41
1113,0.007280922029167414,2021-03-10 11:04:54
1114,0.008163727819919586,2021-03-10 11:24:14
1115,0.01617325283586979,2021-03-10 11:46:26
1116,0.008997015655040741,2021-03-10 12:30:00
1117,0.023391734808683395,2021-03-10 12:53:14
1118,-0.01584792323410511,2021-03-10 13:00:01
1119,0.012225786224007607,2021-03-10 13:28:29
1120,0.016814768314361572,2021-03-10 14:01:00
1121,-0.009013545699417591,2021-03-10 14:17:06
1122,0.00017806976393330842,2021-03-10 14:38:07
1123,0.02714882604777813,2021-03-10 15:03:13
1124,0.004952260758727789,2021-03-10 15:04:09
1125,0.026609422639012337,2021-03-10 16:01:49
1126,-0.013472174294292927,2021-03-10 17:46:56
1127,-0.03888685256242752,2021-03-10 18:46:29
1128,0.020195046439766884,2021-03-10 19:02:54
1129,-0.0062948595732450485,2021-03-10 19:39:10
1130,0.022584736347198486,2021-03-10 19:40:36
1131,-0.021868610754609108,2021-03-10 20:39:19
1132,-0.03878652676939964,2021-03-10 21:00:28
1133,-0.008961448445916176,2021-03-10 21:09:55
1134,0.014610467478632927,2021-03-10 21:49:25
1135,-0.0001201159757329151,2021-03-10 23:01:00
1136,0.012192345224320889,2021-03-10 23:06:14
1137,-0.015896549448370934,2021-03-11 08:23:12
1138,0.015158349648118019,2021-03-11 08:23:39
1139,-0.014413310214877129,2021-03-11 08:24:18
1140,-0.002209598431363702,2021-03-11 08:27:18
1141,0.028997471556067467,2021-03-11 09:59:06
1142,-0.004043517168611288,2021-03-11 10:03:09
1143,-0.007373392581939697,2021-03-11 10:25:33
1144,0.015372008085250854,2021-03-11 10:30:00
1145,0.0015672736335545778,2021-03-11 10:59:14
1146,0.01490106899291277,2021-03-11 11:01:00
1147,-0.006100649945437908,2021-03-11 11:01:29
1148,0.016317222267389297,2021-03-11 11:15:00
1149,0.03358306735754013,2021-03-11 11:24:36
1150,-0.0032981776166707277,2021-03-11 11:30:00
1151,0.03353717550635338,2021-03-11 12:30:00
1152,0.01264625322073698,2021-03-11 12:39:41
1153,-0.011648096144199371,2021-03-11 12:40:58
1154,0.012296141125261784,2021-03-11 12:42:44
1155,-0.011648096144199371,2021-03-11 13:02:07
1156,-0.00649259053170681,2021-03-11 13:19:18
1157,-0.00604843907058239,2021-03-11 13:23:02
1158,-0.0481417290866375,2021-03-11 13:23:50
1159,-0.04885073006153107,2021-03-11 13:30:00
1160,0.00957596953958273,2021-03-11 14:00:02
1161,0.02146241068840027,2021-03-11 14:24:47
1162,-0.019660066813230515,2021-03-11 14:29:05
1163,0.017948975786566734,2021-03-11 14:52:40
1164,-0.01875193603336811,2021-03-11 15:19:45
1165,0.013711236417293549,2021-03-11 15:36:07
1166,-0.021970022469758987,2021-03-11 15:45:00
1167,0.009108399972319603,2021-03-11 15:51:42
1168,-0.04885073006153107,2021-03-11 15:59:35
1169,-0.0035722304601222277,2021-03-11 16:10:19
1170,-0.010116497986018658,2021-03-11 16:19:43
1171,-0.021970022469758987,2021-03-11 16:30:00
1172,-0.003947013523429632,2021-03-11 16:39:25
1173,0.01850692555308342,2021-03-11 16:43:42
1174,0.008017986081540585,2021-03-11 16:59:53
1175,0.006361427716910839,2021-03-11 16:59:59
1176,0.009875049814581871,2021-03-11 17:01:31
1177,0.008017986081540585,2021-03-11 17:01:32
1178,0.02402712032198906,2021-03-11 17:01:40
1179,-0.024095572531223297,2021-03-11 17:10:29
1180,0.005590942222625017,2021-03-11 17:20:00
1181,-0.008702023886144161,2021-03-11 17:44:17
1182,0.00640825042501092,2021-03-11 18:04:56
1183,-0.01804213598370552,2021-03-11 18:25:41
1184,-0.012242455966770649,2021-03-11 18:59:32
1185,-0.0318097360432148,2021-03-11 19:00:43
1186,-0.008226696401834488,2021-03-11 19:21:08
1187,-0.0036174620036035776,2021-03-11 20:00:15
1188,-0.0459580197930336,2021-03-11 21:00:09
1189,0.00563086848706007,2021-03-11 21:58:48
1190,-0.005379286594688892,2021-03-11 22:13:08
1191,-0.0038997873198240995,2021-03-11 22:24:43
1192,-0.02194131538271904,2021-03-12 09:12:58
1193,-0.012871863320469856,2021-03-12 09:13:00
1194,-0.00983740109950304,2021-03-12 09:13:03
1195,0.002914462937042117,2021-03-12 09:55:21
1196,0.03481801971793175,2021-03-12 11:15:00
1197,-0.00686940923333168,2021-03-12 11:19:03
1198,-0.03878652676939964,2021-03-12 11:19:22
1199,0.008017986081540585,2021-03-12 12:54:30
1200,-0.006868153344839811,2021-03-12 13:13:55
1201,-0.008477413095533848,2021-03-12 13:58:16
1202,-0.03763110935688019,2021-03-12 14:00:01
1203,0.011616019532084465,2021-03-12 14:45:24
1204,0.0026159463450312614,2021-03-12 15:07:01
1205,-0.005056312307715416,2021-03-12 15:49:11
1206,-0.03331513702869415,2021-03-12 15:51:07
1207,0.019280074164271355,2021-03-12 16:14:03
1208,0.005246103275567293,2021-03-12 16:14:08
1209,0.005246103275567293,2021-03-12 16:16:01
1210,0.010820377618074417,2021-03-12 16:17:09
1211,-0.015454664826393127,2021-03-12 16:20:11
1212,-0.028421713039278984,2021-03-12 16:20:27
1213,0.0008211888489313424,2021-03-12 16:21:21
1214,0.0028070639818906784,2021-03-12 16:25:02
1215,0.023438336327672005,2021-03-12 16:26:34
1216,0.011453432962298393,2021-03-12 16:28:40
1217,-0.009250584989786148,2021-03-12 16:31:48
1218,0.013328459113836288,2021-03-12 16:32:13
1219,-0.017775408923625946,2021-03-12 16:32:13
1220,-0.004533648956567049,2021-03-12 16:46:05
1221,0.018703000620007515,2021-03-12 16:47:25
1222,0.004712576512247324,2021-03-12 17:15:55
1223,0.0008081518462859094,2021-03-12 17:35:23
1224,-0.027955178171396255,2021-03-12 18:57:35
1225,-0.017464766278862953,2021-03-12 19:08:38
1226,0.008177893236279488,2021-03-12 19:52:03
1227,-0.006896839011460543,2021-03-12 20:00:06
1228,0.034238990396261215,2021-03-12 20:01:27
1229,-0.013918730430305004,2021-03-12 21:19:16
1230,-0.00035436503821983933,2021-03-12 21:22:30
1231,-0.03689306601881981,2021-03-13 02:02:00
1232,-0.0003186974790878594,2021-03-13 07:29:02
1233,0.00016323682211805135,2021-03-13 07:55:56
1234,0.0031509683467447758,2021-03-13 07:57:13
1235,-0.024819061160087585,2021-03-13 08:05:00
1236,0.024203361943364143,2021-03-13 08:14:30
1237,0.005970250349491835,2021-03-13 12:21:32
1238,0.07118744403123856,2021-03-13 14:01:08
1239,0.005223370622843504,2021-03-13 19:45:52
1240,-0.029413416981697083,2021-03-13 20:25:02
1241,0.012227701023221016,2021-03-13 22:30:49
1242,0.022515861317515373,2021-03-13 22:47:09
1243,-0.0014650223311036825,2021-03-13 22:49:16
1244,-0.022213727235794067,2021-03-14 02:05:00
1245,-0.002217491390183568,2021-03-14 07:59:28
1246,0.0021423199214041233,2021-03-14 09:20:19
1247,-0.00890275463461876,2021-03-14 10:25:00
1248,-0.003184255678206682,2021-03-14 10:45:44
1249,0.015969719737768173,2021-03-14 11:16:16
1250,-0.008734922856092453,2021-03-14 12:42:29
1251,0.010560980066657066,2021-03-14 13:01:00
1252,0.020250476896762848,2021-03-14 14:14:19
1253,-0.00445600925013423,2021-03-14 17:05:57
1254,0.014383865520358086,2021-03-14 22:02:00
1255,-0.019969040527939796,2021-03-14 22:23:56
1256,0.002228262135758996,2021-03-15 04:06:00
1257,0.027103226631879807,2021-03-15 07:18:43
1258,-0.018634308129549026,2021-03-15 08:59:40
1259,-0.0007777611026540399,2021-03-15 09:06:48
1260,0.015112237073481083,2021-03-15 11:35:00
1261,0.01465585920959711,2021-03-15 11:43:47
1262,0.03384605795145035,2021-03-15 11:52:48
1263,0.0221797376871109,2021-03-15 11:56:25
1264,-0.007239092141389847,2021-03-15 12:27:06
1265,-0.01624850183725357,2021-03-15 13:28:15
1266,0.022733358666300774,2021-03-15 13:30:20
1267,0.022733358666300774,2021-03-15 14:12:19
1268,-0.01466807909309864,2021-03-15 14:30:00
1269,0.020833216607570648,2021-03-15 15:00:21
1270,0.0013637396041303873,2021-03-15 15:08:11
1271,0.00875939428806305,2021-03-15 15:54:06
1272,0.021174805238842964,2021-03-15 15:59:01
1273,0.014638167805969715,2021-03-15 16:02:19
1274,-0.014314948581159115,2021-03-15 16:16:03
1275,0.01571674458682537,2021-03-15 16:35:56
1276,0.012575335800647736,2021-03-15 16:42:39
1277,0.005246103275567293,2021-03-15 16:43:25
1278,0.005246103275567293,2021-03-15 16:48:29
1279,0.009601854719221592,2021-03-15 16:49:10
1280,-0.0031760113779455423,2021-03-15 16:53:16
1281,0.0037186406552791595,2021-03-15 16:54:58
1282,0.003985039424151182,2021-03-15 16:59:32
1283,-0.02013486437499523,2021-03-15 17:00:58
1284,-0.01321297138929367,2021-03-15 17:06:32
1285,-0.0010086536640301347,2021-03-15 17:13:55
1286,0.0025759655982255936,2021-03-15 17:14:55
1287,0.005474993493407965,2021-03-15 17:35:36
1288,0.004712576512247324,2021-03-15 18:14:58
1289,-0.0284319706261158,2021-03-15 21:51:31
1290,0.009557245299220085,2021-03-15 22:10:46
1291,0.022057106718420982,2021-03-16 02:30:00
1292,0.017935579642653465,2021-03-16 02:33:00
1293,0.01855275221168995,2021-03-16 07:15:48
1294,0.0070153772830963135,2021-03-16 08:18:47
1295,0.012480560690164566,2021-03-16 08:21:38
1296,-0.0011034008348360658,2021-03-16 08:25:59
1297,0.0006900161388330162,2021-03-16 09:08:14
1298,-0.004210564307868481,2021-03-16 09:54:20
1299,-0.01945863850414753,2021-03-16 11:00:01
1300,0.018768588081002235,2021-03-16 11:00:45
1301,0.020240003243088722,2021-03-16 11:04:16
1302,0.01709102652966976,2021-03-16 11:15:00
1303,-0.02990257740020752,2021-03-16 11:17:50
1304,0.0027521743904799223,2021-03-16 11:54:56
1305,0.011772986501455307,2021-03-16 11:57:07
1306,0.004498331807553768,2021-03-16 13:00:01
1307,0.008227015845477581,2021-03-16 13:02:00
1308,-0.013326413929462433,2021-03-16 13:15:00
1309,0.010032915510237217,2021-03-16 13:29:35
1310,0.007551690097898245,2021-03-16 13:50:12
1311,0.009651913307607174,2021-03-16 14:01:20
1312,-0.026556942611932755,2021-03-16 14:18:02
1313,0.005936696194112301,2021-03-16 14:45:00
1314,-0.001485052052885294,2021-03-16 15:07:03
1315,0.030417712405323982,2021-03-16 15:21:08
1316,0.013361357152462006,2021-03-16 16:00:00
1317,0.026948995888233185,2021-03-16 16:00:02
1318,0.00034578616032376885,2021-03-16 17:40:59
1319,0.02191539667546749,2021-03-16 18:49:00
1320,0.003786680055782199,2021-03-16 18:55:51
1321,0.001373559469357133,2021-03-16 18:56:26
1322,0.024483053013682365,2021-03-16 21:25:20
1323,-0.0050370413810014725,2021-03-16 21:48:45
1324,-0.0212256982922554,2021-03-16 22:46:07
1325,0.010070862248539925,2021-03-17 01:01:00
1326,-0.008003906346857548,2021-03-17 02:14:55
1327,0.01671587862074375,2021-03-17 04:03:00
1328,0.0027529264334589243,2021-03-17 06:36:37
1329,0.00801162701100111,2021-03-17 06:46:55
1330,0.010017885826528072,2021-03-17 07:16:45
1331,-0.022674836218357086,2021-03-17 11:15:00
1332,0.029770631343126297,2021-03-17 11:38:05
1333,0.029655175283551216,2021-03-17 11:46:12
1334,-0.0009772347984835505,2021-03-17 11:49:33
1335,0.013102637603878975,2021-03-17 11:50:57
1336,-0.00437122443690896,2021-03-17 11:59:16
1337,-0.004569049924612045,2021-03-17 12:07:58
1338,0.002225033938884735,2021-03-17 12:07:59
1339,0.026084717363119125,2021-03-17 12:08:54
1340,0.0015813191421329975,2021-03-17 12:45:00
1341,0.0020206274930387735,2021-03-17 13:15:53
1342,-0.0070901173166930676,2021-03-17 13:21:01
1343,0.020209992304444313,2021-03-17 13:40:37
1344,0.02050299569964409,2021-03-17 14:25:00
1345,0.034040700644254684,2021-03-17 14:45:00
1346,0.06310123950242996,2021-03-17 14:46:04
1347,0.027797160670161247,2021-03-17 15:20:00
1348,0.01508663222193718,2021-03-17 15:50:00
1349,-4.927981353830546e-05,2021-03-17 15:54:15
1350,0.016326552256941795,2021-03-17 15:54:25
1351,0.010812162421643734,2021-03-17 16:02:14
1352,0.0001848956453613937,2021-03-17 16:25:53
1353,-0.01375616155564785,2021-03-17 16:59:09
1354,0.021508922800421715,2021-03-17 17:04:41
1355,0.025880342349410057,2021-03-17 17:26:47
1356,0.019287602975964546,2021-03-17 19:01:00
1357,0.01590784825384617,2021-03-17 19:07:12
1358,0.0009727205033414066,2021-03-17 19:11:05
1359,0.01266331598162651,2021-03-17 20:21:06
1360,0.012218549847602844,2021-03-17 23:55:02
1361,0.01830241270363331,2021-03-18 01:05:00
1362,0.027561277151107788,2021-03-18 07:03:16
1363,0.012534337118268013,2021-03-18 07:48:36
1364,0.0001848956453613937,2021-03-18 08:07:24
1365,0.025623777881264687,2021-03-18 09:15:12
1366,-0.014708931557834148,2021-03-18 10:00:53
1367,0.005053336266428232,2021-03-18 10:24:18
1368,0.01447819359600544,2021-03-18 10:27:32
1369,0.018471550196409225,2021-03-18 10:48:43
1370,0.0005704998620785773,2021-03-18 10:56:45
1371,0.017198005691170692,2021-03-18 12:02:24
1372,0.013636825606226921,2021-03-18 12:36:47
1373,0.014478293247520924,2021-03-18 12:56:19
1374,0.019599834457039833,2021-03-18 12:56:47
1375,0.01148082222789526,2021-03-18 13:56:44
1376,0.005488432012498379,2021-03-18 14:13:19
1377,0.005118798930197954,2021-03-18 14:15:50
1378,0.004405708517879248,2021-03-18 15:13:00
1379,0.007475306745618582,2021-03-18 15:13:34
1380,-0.009458404034376144,2021-03-18 15:52:39
1381,0.009733694605529308,2021-03-18 16:01:16
1382,-0.00946871004998684,2021-03-18 16:02:51
1383,-0.007909267209470272,2021-03-18 16:23:22
1384,-0.0035350974649190903,2021-03-18 16:32:45
1385,0.0122724873945117,2021-03-18 16:40:35
1386,-0.0031199809163808823,2021-03-18 16:43:56
1387,0.005131038837134838,2021-03-18 16:44:46
1388,-0.0009910352528095245,2021-03-18 17:00:26
1389,0.01673414185643196,2021-03-18 17:08:00
1390,0.012319452129304409,2021-03-18 18:00:49
1391,0.006565043702721596,2021-03-18 19:00:01
1392,0.0013047270476818085,2021-03-18 19:02:44
1393,0.01005926076322794,2021-03-18 19:36:08
1394,0.012256357818841934,2021-03-18 20:00:01
1395,0.008771182969212532,2021-03-18 20:00:56
1396,-0.03936455398797989,2021-03-18 20:30:23
1397,0.011457611806690693,2021-03-18 21:35:34
1398,-0.013710975646972656,2021-03-18 21:41:33
1399,-0.03903626650571823,2021-03-19 08:20:45
1400,0.010171512141823769,2021-03-19 08:33:01
1401,0.004405708517879248,2021-03-19 08:33:18
1402,-0.010416456498205662,2021-03-19 08:59:00
1403,-0.005017890594899654,2021-03-19 09:07:59
1404,0.005105064250528812,2021-03-19 09:08:08
1405,0.021721333265304565,2021-03-19 09:25:54
1406,0.008017986081540585,2021-03-19 09:34:12
1407,0.015211278572678566,2021-03-19 09:44:34
1408,0.0062622386030852795,2021-03-19 10:20:09
1409,0.029170384630560875,2021-03-19 10:23:00
1410,-0.018931226804852486,2021-03-19 10:52:36
1411,-0.009581787511706352,2021-03-19 11:05:31
1412,0.0010520204668864608,2021-03-19 11:14:44
1413,-0.03936455398797989,2021-03-19 11:38:34
1414,0.015133664943277836,2021-03-19 13:02:31
1415,0.01864486001431942,2021-03-19 13:29:35
1416,0.03481801971793175,2021-03-19 13:45:23
1417,-0.01908271014690399,2021-03-19 13:52:37
1418,-0.039968010038137436,2021-03-19 14:01:22
1419,0.010867463424801826,2021-03-19 15:04:27
1420,0.032235924154520035,2021-03-19 15:07:30
1421,0.01055124681442976,2021-03-19 15:53:55
1422,-0.020216716453433037,2021-03-19 16:01:01
1423,0.03199252486228943,2021-03-19 16:42:32
1424,0.005246103275567293,2021-03-19 16:42:49
1425,0.005246103275567293,2021-03-19 16:45:08
1426,0.01563137210905552,2021-03-19 16:45:42
1427,0.007596743758767843,2021-03-19 16:47:37
1428,0.0012722498504444957,2021-03-19 16:48:33
1429,-0.005747443996369839,2021-03-19 16:49:01
1430,-0.0019705903250724077,2021-03-19 16:49:33
1431,0.04151467606425285,2021-03-19 16:52:35
1432,-0.005691987928003073,2021-03-19 16:53:45
1433,0.026696892455220222,2021-03-19 16:56:11
1434,0.005498996004462242,2021-03-19 16:57:15
1435,-0.007729100529104471,2021-03-19 17:40:48
1436,0.005131038837134838,2021-03-19 17:59:56
1437,0.03118506819009781,2021-03-19 18:43:47
1438,0.01055124681442976,2021-03-19 21:17:39
1439,0.00836871936917305,2021-03-19 22:06:35
1440,0.015762871131300926,2021-03-19 23:19:10
1441,0.01790708675980568,2021-03-20 00:00:01
1442,0.015449421480298042,2021-03-20 03:00:35
1443,0.013713857159018517,2021-03-20 06:46:00
1444,-0.00988048780709505,2021-03-20 07:54:45
1445,-0.015603683888912201,2021-03-20 08:36:53
1446,-0.007614281959831715,2021-03-20 08:38:17
1447,0.0006621546926908195,2021-03-20 09:03:16
1448,-0.01367618702352047,2021-03-20 13:51:41
1449,-0.011494097299873829,2021-03-20 14:09:00
1450,-0.009311419911682606,2021-03-20 16:06:00
1451,0.006184551399201155,2021-03-20 17:43:03
1452,0.015762871131300926,2021-03-20 19:34:19
1453,0.03129132091999054,2021-03-20 20:15:41
1454,0.027010811492800713,2021-03-21 09:26:05
1455,0.009645519778132439,2021-03-21 09:44:42
1456,0.0030633790884166956,2021-03-21 09:45:23
1457,0.01700088568031788,2021-03-21 09:50:35
1458,-0.0007751806988380849,2021-03-21 10:54:30
1459,0.021614914759993553,2021-03-21 12:14:57
1460,0.017437906935811043,2021-03-21 12:40:30
1461,-0.01819465309381485,2021-03-21 12:41:21
1462,-0.010105843655765057,2021-03-21 13:54:03
1463,0.008308889344334602,2021-03-21 14:20:06
1464,0.03222399577498436,2021-03-21 19:04:17
1465,-0.013629364781081676,2021-03-21 20:04:02
1466,0.00042025832226499915,2021-03-21 22:58:15
1467,-0.0020108926109969616,2021-03-21 23:04:56
1468,-0.03202494606375694,2021-03-21 23:07:05
1469,-0.007686541881412268,2021-03-22 07:08:11
1470,0.009691018611192703,2021-03-22 07:24:20
1471,-0.03895636647939682,2021-03-22 10:40:59
1472,-0.0012161799240857363,2021-03-22 10:44:31
1473,-0.000578134844545275,2021-03-22 11:57:22
1474,-0.006879572756588459,2021-03-22 11:57:56
1475,0.009236074052751064,2021-03-22 12:33:09
1476,-0.0019980056677013636,2021-03-22 13:10:00
1477,0.017004413530230522,2021-03-22 13:31:44
1478,0.023411743342876434,2021-03-22 14:49:23
1479,0.03189537674188614,2021-03-22 15:01:08
1480,-0.000620292208623141,2021-03-22 15:15:00
1481,0.006846136879175901,2021-03-22 15:45:32
1482,0.015106107108294964,2021-03-22 15:52:51
1483,0.008887923322618008,2021-03-22 16:11:49
1484,0.006606196518987417,2021-03-22 16:23:47
1485,0.005246103275567293,2021-03-22 16:23:56
1486,0.005246103275567293,2021-03-22 16:31:56
1487,0.007632115390151739,2021-03-22 16:37:05
1488,-0.0016791513189673424,2021-03-22 16:41:04
1489,-0.0002583400928415358,2021-03-22 16:42:00
1490,0.008243482559919357,2021-03-22 16:48:17
1491,0.023759329691529274,2021-03-22 16:50:09
1492,-0.029282433912158012,2021-03-22 16:50:55
1493,0.023715531453490257,2021-03-22 16:52:06
1494,0.00858363974839449,2021-03-22 16:54:28
1495,0.0013545176479965448,2021-03-22 17:12:36
1496,0.004712576512247324,2021-03-22 18:02:02
1497,0.010738704353570938,2021-03-22 18:25:00
1498,0.027398375794291496,2021-03-22 18:32:24
1499,0.016261115670204163,2021-03-22 21:18:55
1500,-0.014863629825413227,2021-03-22 21:24:48
1501,0.0315052792429924,2021-03-22 21:29:00
1502,0.025990523397922516,2021-03-22 21:29:30
1503,0.010088413953781128,2021-03-22 21:29:39
1504,0.011221541091799736,2021-03-22 22:55:18
1505,0.013057926669716835,2021-03-23 06:18:42
1506,-0.014665186405181885,2021-03-23 07:53:28
1507,0.004061157815158367,2021-03-23 08:10:20
1508,0.0054759252816438675,2021-03-23 08:35:27
1509,0.008384397253394127,2021-03-23 08:49:00
1510,0.013057926669716835,2021-03-23 08:49:33
1511,0.0044722347520291805,2021-03-23 10:29:50
1512,0.021512014791369438,2021-03-23 11:15:46
1513,-0.005492748226970434,2021-03-23 12:16:52
1514,0.013836373575031757,2021-03-23 12:21:03
1515,0.010785737074911594,2021-03-23 12:57:10
1516,0.007306363899260759,2021-03-23 13:16:41
1517,-0.0007635341607965529,2021-03-23 13:20:35
1518,0.009952791966497898,2021-03-23 13:21:45
1519,-0.006426339503377676,2021-03-23 13:49:44
1520,0.010526007041335106,2021-03-23 13:51:18
1521,0.03509730100631714,2021-03-23 13:58:37
1522,-0.0050095501355826855,2021-03-23 14:18:19
1523,0.008519010618329048,2021-03-23 15:10:04
1524,0.014162532985210419,2021-03-23 15:15:00
1525,0.010201875120401382,2021-03-23 15:51:12
1526,0.005466407630592585,2021-03-23 16:58:12
1527,0.01673414185643196,2021-03-23 20:30:45
1528,-0.0010579617228358984,2021-03-23 21:05:41
1529,-0.027862315997481346,2021-03-23 21:09:55
1530,0.07183124125003815,2021-03-23 21:11:43
1531,0.029431985691189766,2021-03-23 21:19:28
1532,0.01670253463089466,2021-03-23 21:19:29
1533,0.03279151767492294,2021-03-23 22:01:00
1534,-0.01040632463991642,2021-03-24 00:39:01
1535,0.0026309501845389605,2021-03-24 01:03:00
1536,0.006364398170262575,2021-03-24 02:54:00
1537,0.029021916911005974,2021-03-24 07:35:18
1538,0.028997471556067467,2021-03-24 10:59:11
1539,0.03332766145467758,2021-03-24 11:01:00
1540,0.012245992198586464,2021-03-24 11:23:51
1541,-0.0013809228548780084,2021-03-24 11:41:34
1542,-0.013544673100113869,2021-03-24 12:10:00
1543,0.00952197052538395,2021-03-24 12:22:00
1544,0.013399298302829266,2021-03-24 12:37:01
1545,0.01520005613565445,2021-03-24 13:01:04
1546,0.029315536841750145,2021-03-24 13:22:10
1547,0.013638538308441639,2021-03-24 13:28:43
1548,0.009815388359129429,2021-03-24 13:51:03
1549,0.01921921968460083,2021-03-24 13:59:24
1550,0.017566440626978874,2021-03-24 14:32:59
1551,0.037228696048259735,2021-03-24 14:45:00
1552,0.013177916407585144,2021-03-24 14:45:28
1553,-0.012583021074533463,2021-03-24 15:09:46
1554,-0.0173872672021389,2021-03-24 15:26:05
1555,0.01840798743069172,2021-03-24 16:14:44
1556,0.012251293286681175,2021-03-24 16:16:55
1557,-0.001979686552658677,2021-03-24 16:41:18
1558,-0.015034239739179611,2021-03-24 16:57:27
1559,0.0028904147911816835,2021-03-24 17:12:17
1560,0.014226937666535378,2021-03-24 18:37:33
1561,-0.003457427956163883,2021-03-24 18:42:33
1562,0.01530008390545845,2021-03-24 18:45:00
1563,0.0038923327811062336,2021-03-24 22:33:28
1564,0.00017775637388695031,2021-03-25 07:26:24
1565,0.028666097670793533,2021-03-25 07:42:52
1566,0.004591647069901228,2021-03-25 08:38:51
1567,-0.0012763579143211246,2021-03-25 09:16:55
1568,-0.0017195104155689478,2021-03-25 09:41:22
1569,0.0018123677000403404,2021-03-25 09:58:34
1570,0.0008152291993610561,2021-03-25 09:58:37
1571,-0.036720387637615204,2021-03-25 10:00:51
1572,0.016375750303268433,2021-03-25 10:15:12
1573,0.026069456711411476,2021-03-25 10:20:27
1574,0.014192051254212856,2021-03-25 11:13:58
1575,0.012815644964575768,2021-03-25 11:26:02
1576,0.017974937334656715,2021-03-25 11:46:10
1577,0.004843667149543762,2021-03-25 11:55:00
1578,-0.01145654171705246,2021-03-25 12:41:40
1579,0.004591647069901228,2021-03-25 12:45:00
1580,0.006170699838548899,2021-03-25 12:57:01
1581,0.015828482806682587,2021-03-25 13:17:12
1582,-0.014326836913824081,2021-03-25 13:33:39
1583,0.001508783083409071,2021-03-25 14:16:04
1584,0.006414339412003756,2021-03-25 14:30:00
1585,0.008017986081540585,2021-03-25 14:53:19
1586,-0.007306226063519716,2021-03-25 16:00:16
1587,0.00014682761684525758,2021-03-25 16:52:37
1588,-0.006317412946373224,2021-03-25 16:53:05
1589,0.0041266330517828465,2021-03-25 18:30:39
1590,-0.01122578326612711,2021-03-25 19:01:00
1591,0.015036964789032936,2021-03-25 19:11:56
1592,-0.02964814193546772,2021-03-25 21:24:39
1593,0.03371260687708855,2021-03-25 22:01:00
1594,0.03249519318342209,2021-03-26 07:02:00
1595,0.00469930050894618,2021-03-26 07:09:14
1596,0.019313909113407135,2021-03-26 08:00:00
1597,0.04410916939377785,2021-03-26 09:04:47
1598,-0.0042368629947304726,2021-03-26 09:39:34
1599,0.0105573870241642,2021-03-26 09:49:52
1600,0.007301336154341698,2021-03-26 11:00:04
1601,-0.008477413095533848,2021-03-26 11:18:09
1602,0.028004653751850128,2021-03-26 12:03:20
1603,-0.0013572736643254757,2021-03-26 12:06:14
1604,0.001075939740985632,2021-03-26 12:11:10
1605,-0.011051112785935402,2021-03-26 12:11:20
1606,0.027747686952352524,2021-03-26 12:15:25
1607,0.020258789882063866,2021-03-26 12:16:23
1608,0.019827095791697502,2021-03-26 12:16:25
1609,-0.0019154117908328772,2021-03-26 12:16:44
1610,0.027747686952352524,2021-03-26 12:41:07
1611,-0.004915947560220957,2021-03-26 12:41:39
1612,-0.0027270514983683825,2021-03-26 12:53:52
1613,0.0338449664413929,2021-03-26 13:07:30
1614,0.0010686228051781654,2021-03-26 13:11:01
1615,0.001075939740985632,2021-03-26 13:11:09
1616,0.027747686952352524,2021-03-26 13:12:04
1617,0.019480770453810692,2021-03-26 13:12:18
1618,-0.003740481100976467,2021-03-26 13:13:26
1619,0.0204266756772995,2021-03-26 13:27:20
1620,0.0312800295650959,2021-03-26 13:27:57
1621,-0.00739825377240777,2021-03-26 13:29:59
1622,-0.002054740907624364,2021-03-26 13:50:04
1623,0.017564846202731133,2021-03-26 13:50:48
1624,-0.005819722078740597,2021-03-26 13:50:53
1625,-0.009880220517516136,2021-03-26 13:53:30
1626,0.003005918813869357,2021-03-26 14:28:51
1627,0.014667261391878128,2021-03-26 15:22:40
1628,0.022481467574834824,2021-03-26 15:52:14
1629,-0.0002769559505395591,2021-03-26 15:55:50
1630,0.02038850076496601,2021-03-26 16:00:02
1631,0.025543106719851494,2021-03-26 16:03:43
1632,0.02149265818297863,2021-03-26 16:08:14
1633,0.02149265818297863,2021-03-26 16:20:43
1634,0.005246103275567293,2021-03-26 16:21:16
1635,0.005246103275567293,2021-03-26 16:26:35
1636,-0.004075570497661829,2021-03-26 16:28:42
1637,0.0025289070326834917,2021-03-26 16:29:20
1638,-0.005942060146480799,2021-03-26 16:31:00
1639,0.013541406020522118,2021-03-26 16:33:49
1640,0.006042913533747196,2021-03-26 16:34:12
1641,-0.0007412175764329731,2021-03-26 16:34:34
1642,0.032284509390592575,2021-03-26 16:34:59
1643,0.020734695717692375,2021-03-26 16:50:16
1644,0.005052987020462751,2021-03-26 19:00:52
1645,0.0002911228802986443,2021-03-26 19:23:23
1646,0.0003133143181912601,2021-03-26 19:52:38
1647,-0.0011874883202835917,2021-03-26 21:25:27
1648,-0.004576163832098246,2021-03-26 21:32:08
1649,0.013324865140020847,2021-03-26 21:35:22
1650,-0.0025534082669764757,2021-03-26 21:36:53
1651,0.011617936193943024,2021-03-26 22:01:00
1652,0.00016878983296919614,2021-03-27 09:42:32
1653,0.03210986405611038,2021-03-27 09:43:58
1654,0.013713857159018517,2021-03-27 09:44:02
1655,0.004621289204806089,2021-03-27 09:44:20
1656,0.06683484464883804,2021-03-27 09:46:13
1657,-0.0007823417545296252,2021-03-27 10:00:01
1658,-0.002793387044221163,2021-03-27 10:48:35
1659,-0.015011748299002647,2021-03-27 12:49:25
1660,0.004272728692740202,2021-03-27 13:55:16
1661,0.006112211383879185,2021-03-27 20:30:08
1662,-0.001593058230355382,2021-03-27 20:34:04
1663,0.013747796416282654,2021-03-27 20:36:00
1664,0.022277405485510826,2021-03-27 21:25:16
1665,-0.012962240725755692,2021-03-27 22:03:00
1666,0.0027957919519394636,2021-03-27 22:39:15
1667,-0.005060935392975807,2021-03-28 04:05:00
1668,0.007075141649693251,2021-03-28 06:01:30
1669,-0.012058272957801819,2021-03-28 07:02:00
1670,-0.015034239739179611,2021-03-28 07:58:02
1671,0.006425269413739443,2021-03-28 08:02:14
1672,0.026720017194747925,2021-03-28 08:07:54
1673,-0.0006405840395018458,2021-03-28 08:16:38
1674,-0.010914171114563942,2021-03-28 08:20:14
1675,0.001792697235941887,2021-03-28 08:21:40
1676,-0.0007777611026540399,2021-03-28 08:23:09
1677,-0.0017320617334917188,2021-03-28 08:28:34
1678,-0.01663004420697689,2021-03-28 12:48:08
1679,-0.008087794296443462,2021-03-28 15:01:37
1680,0.015625597909092903,2021-03-28 17:11:13
1681,-0.02565618045628071,2021-03-28 19:52:21
1682,0.015182554721832275,2021-03-28 19:57:46
1683,0.018339740112423897,2021-03-28 20:22:14
1684,-0.01120745949447155,2021-03-29 04:04:00
1685,0.01847766526043415,2021-03-29 06:35:50
1686,0.026441622525453568,2021-03-29 07:06:00
1687,0.02432037517428398,2021-03-29 07:25:53
1688,-0.017664166167378426,2021-03-29 07:54:27
1689,0.0070153772830963135,2021-03-29 08:07:38
1690,0.008985364809632301,2021-03-29 08:10:44
1691,-0.009700626134872437,2021-03-29 09:13:15
1692,0.0018136415164917707,2021-03-29 09:45:00
1693,-0.003991220612078905,2021-03-29 10:04:39
1694,0.023726830258965492,2021-03-29 10:18:29
1695,0.012458812445402145,2021-03-29 10:40:18
1696,0.01238151453435421,2021-03-29 10:40:56
1697,-0.003986964002251625,2021-03-29 10:55:11
1698,0.009407478384673595,2021-03-29 10:55:53
1699,0.014496857300400734,2021-03-29 11:28:02
1700,0.022682836279273033,2021-03-29 11:40:00
1701,0.008574738167226315,2021-03-29 11:45:24
1702,0.002504767384380102,2021-03-29 12:01:42
1703,0.012384857051074505,2021-03-29 12:07:12
1704,0.01988743245601654,2021-03-29 12:13:52
1705,-0.013702359050512314,2021-03-29 12:28:20
1706,0.014400215819478035,2021-03-29 13:00:00
1707,-0.002264662878587842,2021-03-29 13:15:00
1708,0.00361986574716866,2021-03-29 14:02:51
1709,0.002569895936176181,2021-03-29 14:30:00
1710,-0.01204040739685297,2021-03-29 14:54:30
1711,-0.0034835541155189276,2021-03-29 15:00:00
1712,0.008819414302706718,2021-03-29 15:03:40
1713,-0.007079333532601595,2021-03-29 16:16:25
1714,0.004249452613294125,2021-03-29 17:34:33
1715,-0.0004942587693221867,2021-03-29 20:22:13
1716,0.007164978422224522,2021-03-29 21:38:58
1717,0.0017685128841549158,2021-03-30 06:13:42
1718,-0.0023330471012741327,2021-03-30 07:37:58
1719,-0.016095804050564766,2021-03-30 07:48:38
1720,0.0009682149393483996,2021-03-30 07:51:21
1721,0.009373699314892292,2021-03-30 08:08:27
1722,-0.0065310075879096985,2021-03-30 08:10:58
1723,-0.0065310075879096985,2021-03-30 08:18:14
1724,-0.0204402394592762,2021-03-30 08:19:39
1725,0.0019417700823396444,2021-03-30 08:20:42
1726,-0.01693381927907467,2021-03-30 08:21:35
1727,-0.025736887007951736,2021-03-30 08:22:50
1729,0.007343037519603968,2021-03-30 08:24:38
1728,0.0009937918512150645,2021-03-30 08:24:38
1730,0.001503598876297474,2021-03-30 08:25:24
1731,0.02193155325949192,2021-03-30 08:26:49
1732,0.01607077196240425,2021-03-30 09:36:25
1733,-0.004472239408642054,2021-03-30 09:42:53
1734,0.008488082326948643,2021-03-30 09:50:42
1735,0.011613069102168083,2021-03-30 09:51:54
1736,-0.009046854451298714,2021-03-30 10:05:00
1737,0.012627996504306793,2021-03-30 12:10:00
1738,-0.007553759962320328,2021-03-30 12:51:17
1739,0.012689783237874508,2021-03-30 12:53:14
1740,0.010952260345220566,2021-03-30 12:58:12
1741,0.02261899970471859,2021-03-30 13:02:00
1742,0.009145036339759827,2021-03-30 13:09:59
1743,0.01063014566898346,2021-03-30 13:12:11
1744,0.02744198963046074,2021-03-30 13:12:13
1745,0.018039582297205925,2021-03-30 13:12:15
1746,0.012662632390856743,2021-03-30 13:16:29
1747,-0.02921435981988907,2021-03-30 13:20:35
1748,-0.036399196833372116,2021-03-30 13:21:38
1749,-0.017508838325738907,2021-03-30 13:30:00
1750,0.006815281230956316,2021-03-30 13:30:38
1751,-0.013704190030694008,2021-03-30 13:33:55
1752,0.01509278453886509,2021-03-30 13:34:59
1753,0.010816441848874092,2021-03-30 13:39:11
1754,-0.002279286039993167,2021-03-30 13:42:38
1755,-0.015836616978049278,2021-03-30 14:10:48
1756,0.0031723175197839737,2021-03-30 14:30:00
1757,0.030556252226233482,2021-03-30 14:50:00
1758,-0.00425813440233469,2021-03-30 14:53:16
1759,-0.02638479508459568,2021-03-30 15:57:25
1760,0.0017064923886209726,2021-03-30 16:01:00
1761,0.008295668289065361,2021-03-30 16:12:59
1762,0.0059464420191943645,2021-03-30 16:37:01
1763,0.009363921359181404,2021-03-30 16:45:47
1764,0.007584619335830212,2021-03-30 16:54:06
1765,0.009363921359181404,2021-03-30 17:00:29
1766,0.009363921359181404,2021-03-30 18:50:40
1767,0.005097704008221626,2021-03-30 18:50:40
1768,0.007795062381774187,2021-03-30 18:50:43
1769,0.00976766087114811,2021-03-30 18:50:43
1770,0.007098312024027109,2021-03-30 18:50:45
1771,0.027372999116778374,2021-03-30 19:01:00
1772,-0.004059830214828253,2021-03-30 19:23:35
1773,-0.004765109624713659,2021-03-30 19:23:41
1774,0.007163884583860636,2021-03-30 19:23:47
1775,0.001734224148094654,2021-03-30 19:23:49
1776,0.013557295314967632,2021-03-30 19:23:54
1777,0.001650721300393343,2021-03-30 20:35:30
1778,0.018945414572954178,2021-03-30 20:40:04
1779,-0.009600854478776455,2021-03-31 03:50:00
1780,-0.008110147900879383,2021-03-31 08:17:01
1781,0.012534337118268013,2021-03-31 08:28:09
1782,0.015052796341478825,2021-03-31 08:45:15
1783,0.01941632479429245,2021-03-31 08:46:09
1784,-0.005541736260056496,2021-03-31 08:51:56
1785,0.012627871707081795,2021-03-31 09:35:40
1786,0.010017885826528072,2021-03-31 09:36:33
1787,0.00522600719705224,2021-03-31 11:06:20
1788,-0.013138295151293278,2021-03-31 11:09:07
1789,-0.013138295151293278,2021-03-31 11:23:44
1790,0.0010461988858878613,2021-03-31 11:24:00
1791,-0.002888209419324994,2021-03-31 11:45:00
1792,0.00598709424957633,2021-03-31 12:04:30
1793,0.0020627728663384914,2021-03-31 13:50:51
1794,-0.00483758794143796,2021-03-31 13:57:20
1795,0.003123573260381818,2021-03-31 14:13:25
1796,-0.005906116217374802,2021-03-31 14:29:52
1797,-0.013816380873322487,2021-03-31 14:38:41
1798,0.01305076852440834,2021-03-31 15:16:01
1799,0.007028624415397644,2021-03-31 15:32:41
1800,0.010360478423535824,2021-03-31 15:55:00
1801,0.0013554979814216495,2021-03-31 16:39:29
1802,0.007769510615617037,2021-03-31 16:44:26
1803,0.009670333936810493,2021-03-31 17:00:00
1804,-0.005099790170788765,2021-03-31 19:42:14
1805,0.01152775064110756,2021-03-31 22:11:04
1806,0.019979329779744148,2021-04-01 06:51:43
1807,0.010171512141823769,2021-04-01 08:48:50
1808,0.0007318261195905507,2021-04-01 08:59:32
1809,0.038408033549785614,2021-04-01 09:56:28
1810,0.04692427068948746,2021-04-01 10:42:13
1811,0.005905725061893463,2021-04-01 11:06:14
1812,-0.018273666501045227,2021-04-01 11:10:15
1813,-0.018273666501045227,2021-04-01 11:38:34
1814,-0.010105730034410954,2021-04-01 11:38:34
1815,-0.01498073898255825,2021-04-01 12:25:47
1816,-0.004886970855295658,2021-04-01 12:34:21
1817,0.03207902982831001,2021-04-01 12:51:22
1818,0.00993822980672121,2021-04-01 13:00:02
1819,0.008017986081540585,2021-04-01 13:03:55
1820,0.03404119238257408,2021-04-01 13:06:42
1821,0.020025154575705528,2021-04-01 13:07:55
1822,0.008017986081540585,2021-04-01 13:29:22
1823,-0.020656811073422432,2021-04-01 13:35:00
1824,0.0017165302997455,2021-04-01 13:46:55
1825,-0.019268285483121872,2021-04-01 13:47:33
1826,0.0182716753333807,2021-04-01 13:47:35
1827,0.0042254249565303326,2021-04-01 14:15:00
1828,0.001561648678034544,2021-04-01 15:09:13
1829,0.0059478092007339,2021-04-01 15:21:40
1830,0.005246103275567293,2021-04-01 15:27:05
1831,0.034712161868810654,2021-04-01 15:27:25
1832,0.013726015575230122,2021-04-01 15:29:09
1833,0.007992208935320377,2021-04-01 15:30:58
1834,-0.01660216599702835,2021-04-01 15:31:43
1835,0.005220744758844376,2021-04-01 15:33:00
1836,-0.02117914706468582,2021-04-01 15:36:18
1837,-0.012414466589689255,2021-04-01 15:47:58
1838,0.009701089933514595,2021-04-01 15:49:00
1839,0.0031647197902202606,2021-04-01 15:49:44
1840,-0.010990568436682224,2021-04-01 15:51:35
1841,0.008285485208034515,2021-04-01 15:57:36
1842,0.007495487574487925,2021-04-01 16:04:13
1843,-0.004635171964764595,2021-04-01 16:08:32
1844,0.005246103275567293,2021-04-01 17:07:02
1845,-0.004082102794200182,2021-04-01 18:03:55
1846,0.009756755083799362,2021-04-01 18:13:27
1847,0.023240862414240837,2021-04-01 19:01:00
1848,-0.009782996028661728,2021-04-01 22:35:13
1849,0.00256139924749732,2021-04-01 22:36:45
1850,0.01074643712490797,2021-04-01 23:19:56
1851,-0.02182999812066555,2021-04-02 06:32:42
1852,-0.04414348676800728,2021-04-02 07:21:43
1853,0.021737808361649513,2021-04-02 07:47:26
1854,0.015828482806682587,2021-04-02 08:18:16
1855,-0.014585929922759533,2021-04-02 08:45:00
1856,0.018693504855036736,2021-04-02 09:15:00
1857,0.004606126341968775,2021-04-02 09:45:00
1858,0.0038486686535179615,2021-04-02 10:08:49
1859,-0.006573992315679789,2021-04-02 10:40:00
1860,0.007834672927856445,2021-04-02 10:53:22
1861,-0.003666049102321267,2021-04-02 11:15:00
1862,-0.03267645463347435,2021-04-02 11:20:21
1863,0.009557466953992844,2021-04-02 11:21:00
1864,0.005881036166101694,2021-04-02 11:39:17
1865,-0.009230281226336956,2021-04-02 11:51:00
1866,0.004094284493476152,2021-04-02 12:43:36
1867,-0.002292396267876029,2021-04-02 12:43:51
1868,0.0025246236473321915,2021-04-02 13:02:00
1869,0.008637174032628536,2021-04-02 13:08:09
1870,-0.023112360388040543,2021-04-02 15:00:18
1871,-0.00988229550421238,2021-04-02 15:22:04
1872,0.020791715011000633,2021-04-02 16:04:42
1873,0.014157275669276714,2021-04-02 17:07:27
1874,0.03118506819009781,2021-04-02 19:22:00
1875,0.01893129013478756,2021-04-02 19:28:31
1876,-0.0229302030056715,2021-04-02 21:16:46
1877,-0.006573563441634178,2021-04-03 12:30:00
1878,0.030844561755657196,2021-04-03 14:49:05
1879,3.0281211365945637e-05,2021-04-03 14:58:00
1880,0.057062793523073196,2021-04-03 17:08:57
1881,-0.00796512234956026,2021-04-03 17:39:36
1882,0.018702026456594467,2021-04-03 19:01:00
1883,0.02957417443394661,2021-04-04 07:13:40
1884,0.03931184113025665,2021-04-04 07:45:00
1885,-0.002837758744135499,2021-04-04 08:02:25
1886,0.024001188576221466,2021-04-04 10:21:17
1887,-0.003022386459633708,2021-04-04 11:30:00
1888,-0.03179880604147911,2021-04-04 12:13:00
1889,0.01980685070157051,2021-04-04 15:14:02
1890,0.011560255661606789,2021-04-04 16:03:00
1891,-0.0011878337245434523,2021-04-04 19:05:00
1892,-0.002038920298218727,2021-04-04 19:58:19
1893,0.00532634649425745,2021-04-04 22:01:00
1894,0.0146954245865345,2021-04-05 07:02:00
1895,-0.02422931231558323,2021-04-05 07:29:36
1896,-0.017847908660769463,2021-04-05 07:33:27
1897,-0.021825896576046944,2021-04-05 08:01:02
1898,-0.002276168204843998,2021-04-05 08:01:16
1899,0.009240726009011269,2021-04-05 08:42:48
1900,-0.00649259053170681,2021-04-05 09:23:15
1901,0.0012442073784768581,2021-04-05 10:04:00
1902,0.0028938630130141973,2021-04-05 13:29:38
1903,0.032873157411813736,2021-04-05 16:02:02
1904,0.019836297258734703,2021-04-05 16:37:02
1905,0.00648321770131588,2021-04-05 17:21:33
1906,0.012815644964575768,2021-04-05 20:22:20
1907,0.01820056512951851,2021-04-06 00:02:00
1908,0.033568378537893295,2021-04-06 06:30:00
1909,-0.0033643480855971575,2021-04-06 07:02:00
1910,-0.004695860669016838,2021-04-06 09:53:15
1911,0.03573931008577347,2021-04-06 10:00:02
1912,0.02330555021762848,2021-04-06 10:14:19
1913,0.004571293946355581,2021-04-06 10:24:28
1914,0.031765278428792953,2021-04-06 11:58:39
1915,0.030248964205384254,2021-04-06 14:00:00
1916,-0.0023590801283717155,2021-04-06 14:07:47
1917,0.005246103275567293,2021-04-06 14:08:02
1918,0.005246103275567293,2021-04-06 14:15:02
1919,-0.00900353118777275,2021-04-06 14:21:11
1920,0.0010195003123953938,2021-04-06 14:21:11
1921,0.02052183635532856,2021-04-06 14:30:42
1922,0.02515665628015995,2021-04-06 14:42:02
1923,0.033293481916189194,2021-04-06 14:42:58
1924,0.0008860624511726201,2021-04-06 14:59:14
1925,0.0008860624511726201,2021-04-06 15:46:58
1926,0.005709626246243715,2021-04-06 16:01:00
1927,0.011602191254496574,2021-04-06 16:05:59
1928,0.014093146659433842,2021-04-06 16:09:59
1929,0.009057528339326382,2021-04-06 16:14:12
1930,0.012534337118268013,2021-04-06 17:10:14
1931,-0.00021578760060947388,2021-04-06 19:05:19
1932,-0.02332981489598751,2021-04-06 19:07:07
1933,0.02672264724969864,2021-04-06 19:07:10
1934,-0.0007464883965440094,2021-04-06 20:10:06
1935,0.01323801837861538,2021-04-06 20:40:21
1936,-0.00541044631972909,2021-04-06 21:57:46
1937,0.006441405043005943,2021-04-07 01:03:00
1938,0.002506612567231059,2021-04-07 02:59:38
1939,-0.013574887998402119,2021-04-07 04:48:15
1940,0.016503039747476578,2021-04-07 05:36:33
1941,-0.004582932684570551,2021-04-07 06:28:55
1942,-0.012174069881439209,2021-04-07 06:30:33
1943,-0.002812332008033991,2021-04-07 06:32:02
1944,-0.0049340506084263325,2021-04-07 06:32:08
1945,-0.009207497350871563,2021-04-07 06:56:58
1946,-0.000924544467125088,2021-04-07 06:57:01
1947,-0.022994356229901314,2021-04-07 07:19:24
1948,0.019658759236335754,2021-04-07 08:27:57
1949,0.00716649554669857,2021-04-07 08:32:44
1950,0.019430743530392647,2021-04-07 10:00:55
1951,-0.0057004704140126705,2021-04-07 10:05:00
1952,-0.0045613390393555164,2021-04-07 10:09:57
1953,-0.013563085347414017,2021-04-07 10:15:13
1954,0.004584568087011576,2021-04-07 10:33:04
1955,-0.011115677654743195,2021-04-07 11:05:52
1956,-0.0011239981977269053,2021-04-07 11:51:19
1957,0.01893531158566475,2021-04-07 11:52:26
1958,-0.007611190900206566,2021-04-07 11:52:26
1959,0.007236008998006582,2021-04-07 11:57:40
1960,0.015990104526281357,2021-04-07 11:57:45
1961,0.012718609534204006,2021-04-07 11:57:48
1962,-0.018353786319494247,2021-04-07 12:10:31
1963,0.01533605344593525,2021-04-07 12:14:58
1964,0.01029348187148571,2021-04-07 12:58:37
1965,0.023085644468665123,2021-04-07 13:01:00
1966,-0.014639684930443764,2021-04-07 13:07:05
1967,0.019430743530392647,2021-04-07 13:15:05
1968,0.024115877225995064,2021-04-07 13:32:18
1969,-0.0114949531853199,2021-04-07 13:54:55
1970,0.002525794319808483,2021-04-07 13:55:17
1971,0.0024832473136484623,2021-04-07 14:05:21
1972,-0.010037602856755257,2021-04-07 14:06:31
1973,-0.007235939614474773,2021-04-07 14:07:24
1974,-0.005846026353538036,2021-04-07 14:16:37
1975,0.007682403549551964,2021-04-07 14:18:02
1976,-0.029555169865489006,2021-04-07 14:34:33
1977,0.010137713514268398,2021-04-07 14:50:26
1978,-0.014553082175552845,2021-04-07 15:01:12
1979,0.017529139295220375,2021-04-07 15:23:36
1980,0.011593871749937534,2021-04-07 15:27:45
1981,0.02081361971795559,2021-04-07 16:03:36
1982,0.007126163691282272,2021-04-07 16:04:49
1983,-0.009153180755674839,2021-04-07 16:17:00
1984,-0.010522421449422836,2021-04-07 17:53:22
1985,0.008060578256845474,2021-04-07 18:03:23
1986,0.012977671809494495,2021-04-07 18:08:40
1987,0.01859872229397297,2021-04-07 18:21:42
1988,0.003166500013321638,2021-04-07 18:23:34
1989,0.005373204126954079,2021-04-07 19:39:39
1990,0.026928359642624855,2021-04-07 20:34:09
1991,-0.01614438183605671,2021-04-07 20:48:29
1992,-0.028265193104743958,2021-04-07 21:00:59
1993,-0.006075057666748762,2021-04-07 21:33:18
1994,0.0002965998719446361,2021-04-07 21:53:57
1995,0.002236732514575124,2021-04-08 01:03:00
1996,-0.00497251795604825,2021-04-08 05:22:39
1997,-0.0036699839401990175,2021-04-08 05:52:24
1998,-0.04299679771065712,2021-04-08 06:15:00
1999,-0.009474102407693863,2021-04-08 06:55:22
2000,0.00230029271915555,2021-04-08 07:14:08
2001,-0.009302208200097084,2021-04-08 07:19:52
2002,-0.007082206197082996,2021-04-08 08:31:23
2003,-0.0035599274560809135,2021-04-08 08:33:40
2004,-0.008430857211351395,2021-04-08 09:21:37
2005,0.012770866975188255,2021-04-08 10:03:28
2006,-0.003486246569082141,2021-04-08 10:25:51
2007,-0.000989781110547483,2021-04-08 10:31:10
2008,0.029495809227228165,2021-04-08 10:49:57
2009,0.011524788103997707,2021-04-08 12:25:42
2010,-0.015211118385195732,2021-04-08 12:49:04
2011,-0.007632248569279909,2021-04-08 13:30:00
2012,0.008017986081540585,2021-04-08 13:48:22
2013,0.015211278572678566,2021-04-08 13:52:59
2014,0.00999725516885519,2021-04-08 14:18:00
2015,0.011383802630007267,2021-04-08 14:51:48
2016,0.012118568643927574,2021-04-08 16:33:19
2017,-0.014806030318140984,2021-04-08 19:09:11
2018,0.014597899280488491,2021-04-08 20:26:40
2019,-0.007415717002004385,2021-04-08 20:26:45
2020,-0.014806030318140984,2021-04-08 20:26:49
2021,0.009675847366452217,2021-04-08 20:27:09
2022,0.026839470490813255,2021-04-08 22:35:02
2023,0.026987535879015923,2021-04-09 06:20:28
2024,0.015019098296761513,2021-04-09 07:02:00
2025,0.05527582764625549,2021-04-09 08:46:53
2026,0.029397597536444664,2021-04-09 08:47:22
2027,0.013966694474220276,2021-04-09 09:00:55
2028,0.0024771529715508223,2021-04-09 09:52:32
2029,-0.0021327489521354437,2021-04-09 10:01:41
2030,0.0007367778453044593,2021-04-09 10:13:42
2031,0.008820910938084126,2021-04-09 10:50:36
2032,-0.0016202398110181093,2021-04-09 12:21:07
2033,0.005246103275567293,2021-04-09 12:21:20
2034,0.005246103275567293,2021-04-09 12:24:44
2035,-0.0051123774610459805,2021-04-09 12:25:23
2036,-0.005950729828327894,2021-04-09 12:25:52
2037,-0.003612794214859605,2021-04-09 12:26:34
2038,0.007994215004146099,2021-04-09 12:28:12
2039,0.02844621054828167,2021-04-09 12:28:42
2040,-0.0019162390381097794,2021-04-09 12:29:37
2041,0.00560460239648819,2021-04-09 12:30:13
2042,-0.011018532328307629,2021-04-09 12:31:33
2043,0.007124201860278845,2021-04-09 12:32:57
2044,0.011646454222500324,2021-04-09 12:38:53
2045,-0.0016438597813248634,2021-04-09 12:40:10
2046,-0.02900674007833004,2021-04-09 12:42:03
2047,0.0179018322378397,2021-04-09 12:44:54
2048,0.014556842856109142,2021-04-09 12:45:50
2049,-0.007941666059195995,2021-04-09 13:47:14
2050,-0.004082102794200182,2021-04-09 14:59:20
2051,-0.03829999640583992,2021-04-09 15:10:00
2052,0.017166707664728165,2021-04-09 15:24:42
2053,-0.03349567577242851,2021-04-09 15:53:17
2054,-0.0074613578617572784,2021-04-09 16:40:17
2055,-0.02055198885500431,2021-04-09 16:41:04
2056,0.0018671212019398808,2021-04-09 16:49:25
2057,0.01803872548043728,2021-04-09 17:01:44
2058,-0.011114516295492649,2021-04-09 17:55:01
2059,-0.024011418223381042,2021-04-09 17:57:45
2060,-0.01706545799970627,2021-04-09 18:42:34
2061,0.016989413648843765,2021-04-09 18:42:40
2062,0.014070596545934677,2021-04-09 19:16:53
2063,0.023808078840374947,2021-04-09 19:54:14
2064,0.014867929741740227,2021-04-09 20:01:04
2065,-0.005581263452768326,2021-04-09 20:34:25
2066,-0.01873122528195381,2021-04-09 20:37:23
2067,0.004950051195919514,2021-04-09 20:46:58
2068,0.01956099271774292,2021-04-09 21:59:57
2069,0.017961548641324043,2021-04-10 01:01:00
2070,-0.005945899058133364,2021-04-10 07:05:00
2071,0.019323259592056274,2021-04-10 07:27:51
2072,0.015136364847421646,2021-04-10 08:45:11
2073,-0.05806387588381767,2021-04-10 09:13:56
2074,0.031714193522930145,2021-04-10 09:51:33
2075,-0.012878350913524628,2021-04-10 10:02:00
2076,0.028727397322654724,2021-04-10 10:14:15
2077,-0.02562463842332363,2021-04-10 11:33:05
2078,0.03712787106633186,2021-04-10 13:04:00
2079,0.0025120365899056196,2021-04-10 16:00:34
2080,0.0164331067353487,2021-04-10 16:06:00
2081,-0.003914130851626396,2021-04-10 16:54:53
2082,-0.0348840095102787,2021-04-10 22:01:00
2083,0.029833141714334488,2021-04-11 01:03:00
2084,-0.01088322326540947,2021-04-11 04:05:00
2085,-0.011901830323040485,2021-04-11 10:04:00
2086,0.015598601661622524,2021-04-11 13:54:50
2087,0.013198432512581348,2021-04-11 14:13:01
2088,0.007654828485101461,2021-04-11 15:02:15
2089,-0.005251794587820768,2021-04-11 15:31:26
2090,0.00084623385919258,2021-04-11 15:58:27
2091,0.0016066937241703272,2021-04-11 16:56:16
2092,0.013798035681247711,2021-04-11 17:01:06
2093,0.03620527312159538,2021-04-11 21:54:59
2094,-0.002168200444430113,2021-04-11 23:26:11
2095,-0.026580212637782097,2021-04-12 01:05:00
2096,0.018365465104579926,2021-04-12 06:15:00
2097,0.015918275341391563,2021-04-12 06:16:30
2098,-0.003583467099815607,2021-04-12 08:55:16
2099,0.028997471556067467,2021-04-12 10:07:38
2100,0.0007272066432051361,2021-04-12 10:22:56
2101,0.019347090274095535,2021-04-12 10:48:16
2102,-0.021892854943871498,2021-04-12 13:21:19
2103,-0.0017900620587170124,2021-04-12 13:29:37
2104,0.016346745193004608,2021-04-12 13:46:26
2105,0.005246103275567293,2021-04-12 13:46:47
2106,0.005246103275567293,2021-04-12 13:52:31
2107,-0.007451845798641443,2021-04-12 13:53:28
2108,0.0107926856726408,2021-04-12 13:54:02
2109,0.02030663751065731,2021-04-12 13:55:31
2110,0.0324987955391407,2021-04-12 13:56:54
2111,-0.009283940307796001,2021-04-12 13:57:21
2112,-0.0018624390941113234,2021-04-12 14:00:35
2113,0.008405689150094986,2021-04-12 14:01:05
2114,-0.0031095133163034916,2021-04-12 14:01:29
2115,-0.00045306695392355323,2021-04-12 14:02:21
2116,0.008518251590430737,2021-04-12 14:02:50
2117,-0.010702166706323624,2021-04-12 14:35:31
2118,-0.0023541783448308706,2021-04-12 14:36:27
2119,0.011988410726189613,2021-04-12 14:47:53
2120,-0.004082102794200182,2021-04-12 15:23:44
2121,0.00846485048532486,2021-04-12 16:00:02
2122,-0.00729594798758626,2021-04-12 16:02:29
2123,0.012680398300290108,2021-04-12 17:47:56
2124,0.025848114863038063,2021-04-12 18:15:00
2125,0.005002628080546856,2021-04-12 20:01:45
2126,0.005281282588839531,2021-04-12 23:45:16
